2,goum,kjyb,2016-08-19
3,vcsk,utaz,2017-07-31
4,jsdr,fwtq,2018-01-16
5,hsgp,cqdu,2016-10-07
6,cfpi,ggqu,2017-08-15
7,lebe,uywi,2015-01-04
8,nrwr,mpgr,2017-12-25
9,iogk,qekq,2013-11-06
10,rkjj,tyob,2016-10-07
11,ugbx,qyqm,2016-06-12
12,muyo,nsqn,2018-11-01
13,nttf,ncul,2018-01-06
14,ciue,tsrc,2018-02-10
15,xmeo,phww,2016-03-23
16,jrdt,mlki,2015-06-03
17,acoz,jhjr,2018-03-27
18,npnq,bvzy,2018-08-13
19,jacp,mkcp,2014-10-08
20,xnpk,bpec,2017-10-27
21,lcnr,fryo,2013-10-23
22,bwhu,ptnq,2013-10-07
23,ogsf,qaeq,2015-07-06
24,mqab,pyru,2014-10-26
25,dhmg,iqvp,2015-11-04
26,kbpm,ouci,2014-07-22
27,gonu,gptl,2014-04-22
28,uavq,jzxy,2015-05-30
29,vasl,rtbv,2014-11-19
30,ffto,vsoa,2017-07-17
31,dzuk,nkbp,2015-08-11
32,kfqu,bpfm,2014-11-15
33,lhmk,rtkz,2015-07-10
34,hjui,kxer,2018-12-18
35,tglb,tets,2015-10-05
36,bjeh,lkxo,2013-05-03
37,cwwa,rsnl,2018-02-01
38,iwex,rmhf,2014-01-04
39,wcwn,dvjr,2015-09-01
40,nqzt,vxec,2018-09-07
41,kwvv,jlhn,2017-05-15
42,pval,fvit,2016-06-19
43,sumd,vvme,2018-06-29
44,ougt,skwb,2018-04-12
45,cfnb,ygkd,2016-01-02
46,kxja,oovp,2019-03-27
47,ryqz,ubvg,2015-11-12
48,ebpz,yrfj,2016-06-05
49,tqwv,xvgo,2017-02-26
50,ddea,kedx,2019-01-07
51,kotm,ewan,2019-03-10
52,ccor,zcvy,2014-06-06
53,dynx,qpyq,2015-05-18
54,bepu,cppv,2013-04-01
55,ugdx,knue,2018-11-08
56,ooyp,jgcx,2013-11-14
57,cirj,ryvc,2017-03-05
58,cbvo,docc,2013-04-17
59,swdi,mmrl,2016-11-05
60,jouq,pfre,2019-04-19
61,iyrp,ybyw,2013-03-26
62,dnwn,dkqk,2017-12-24
63,hhqw,honk,2017-08-26
64,yrdo,bvfa,2017-08-09
65,hbmu,qsbk,2015-04-11
66,ehuc,ecfo,2015-08-29
67,fiuf,lupx,2015-04-12
68,ctmy,jnpl,2016-10-10
69,eylj,numi,2017-12-27
70,dewr,vlfm,2015-07-08
71,qfbw,gvvv,2013-10-03
72,npfn,ywag,2019-04-27
73,dqku,qlvy,2017-11-06
74,plnn,fqmr,2017-04-14
75,yyat,ulil,2018-05-15
76,zikn,sdtn,2017-04-06
77,yedr,etha,2015-04-17
78,bwzs,pbmv,2015-02-19
79,dijv,rlve,2013-08-13
80,mlwn,eerm,2018-09-10
81,wwtb,jyqe,2017-11-13
82,elrt,tbns,2017-05-14
83,uqgu,lrdn,2018-05-20
84,urjn,qpro,2018-05-13
85,pirw,cjij,2017-02-15
86,lnhx,houk,2017-10-22
87,ojir,qial,2015-08-01
88,focv,veon,2016-04-07
89,pury,gawb,2018-08-29
90,dpti,ekyo,2015-02-11
91,gjzs,gpvo,2016-12-05
92,kxle,qkyd,2017-11-03
93,scdy,veku,2019-02-15
94,iwva,xxlg,2017-04-18
96,zufr,flsx,2013-07-09
97,ycsq,smnd,2013-06-28
98,kfmf,oizq,2017-06-14
99,miin,grbq,2016-05-12
100,slqq,aenb,2017-01-12
101,pgdm,jynq,2015-06-08
102,njec,cqch,2013-11-08
103,qdre,ffuo,2014-12-24
104,ktbc,rrnt,2015-11-20
105,mahm,bqqg,2015-03-12
106,pomn,djbn,2017-01-01
107,oofm,tsxi,2018-01-06
108,vxmu,pvmv,2018-06-05
109,lfmf,bcrv,2018-10-03
110,kcbi,ugfa,2017-05-11
111,uzsw,bnog,2017-01-19
112,cdyp,xgcl,2013-12-22
113,keeb,kmxf,2013-08-03
114,wkql,xdft,2015-03-04
115,fvgy,dmok,2019-03-23
116,aulv,yelz,2018-01-11
117,dwpx,rtev,2015-06-10
118,xfsu,lmth,2017-10-27
119,xtvb,wkvy,2018-03-14
120,xyqd,sgvn,2018-02-26
121,ujdv,bcdq,2013-07-07
122,ecvx,yprv,2018-08-19
123,agcf,cqqp,2014-05-18
124,rpog,nuah,2015-08-07
125,kjhg,qkcf,2015-03-23
126,ydsg,xruh,2016-08-12
127,wnem,dwke,2016-04-24
128,yvpp,eydj,2014-07-15
129,qgmb,epsu,2014-09-04
130,bxil,jnos,2014-04-02
131,miye,ngup,2019-01-22
132,oxwm,hqou,2017-09-21
133,xbwk,sren,2013-09-17
134,xvfw,rbqy,2017-10-09
135,hnrp,apuh,2017-04-25
136,mlpy,qapy,2015-04-26
137,rekj,yykj,2017-05-22
138,xmhu,eobs,2016-08-18
139,wjhc,rbim,2014-02-19
140,pbbu,ednu,2013-07-18
141,dudy,idxe,2015-03-03
142,einc,utwf,2013-12-06
143,qlud,nwww,2018-09-25
144,dkis,uswv,2013-02-28
145,rxsr,tuoc,2015-05-07
146,zvjx,oofh,2013-06-19
147,orep,bpou,2013-06-23
148,bcuz,wnaf,2013-03-13
149,lmnt,lcnb,2014-07-09
150,rpuh,tmlh,2015-01-03
151,mpyv,leke,2017-05-24
152,uzsy,qkys,2014-09-04
153,fsjd,yvvs,2019-01-20
154,fuis,tamu,2019-04-27
155,pxvg,ospf,2018-05-14
156,kdqg,afjq,2018-05-16
157,gyyl,pial,2015-08-06
158,kcmr,unow,2015-10-30
159,fixo,ofox,2017-12-24
160,resw,pnxh,2014-04-17
161,ymsl,bhst,2013-12-16
162,kijr,fdcj,2014-09-04
163,hkki,npqh,2018-08-19
164,rubv,bwsc,2019-03-24
165,yqek,cbcs,2013-05-23
166,datc,udxr,2017-05-07
167,fdop,lgng,2013-07-04
168,mxut,ldgz,2015-07-13
169,mjld,tzyd,2018-03-08
170,iqvu,lgrn,2018-03-28
171,tgcs,ohoi,2016-12-28
172,ejjy,hyjt,2014-12-07
173,xqhq,thod,2016-08-20
174,nnep,fsmh,2013-08-24
175,adht,qpth,2018-01-03
176,dpfr,kaoy,2017-07-01
177,nruz,ytfd,2013-09-13
178,orqh,gcuc,2014-12-19
179,gtzs,wunc,2014-07-22
180,oydn,etmu,2018-07-05
181,oxhj,hesq,2013-08-10
182,dcen,jkvx,2013-02-02
183,cdlf,rqzd,2018-07-25
184,ebvg,edxo,2016-04-04
185,rnhd,spmb,2018-09-26
186,rfwl,oxoy,2014-06-14
187,bsnp,cmmq,2017-04-16
188,dcru,xwqb,2016-08-27
189,kwtu,xgfr,2018-11-05
190,oroz,euuh,2014-05-10
191,bfey,bfhm,2015-01-13
192,lbpm,ysri,2018-08-15
193,wubm,ldsc,2018-06-08
194,hhhg,qcwu,2017-03-24
195,oqaq,igpa,2013-11-04
196,lqpm,yidw,2014-01-15
197,blge,vqfv,2016-11-16
198,ifex,jxyh,2017-08-13
199,pqnw,hwvl,2014-03-25
200,koyo,mrqs,2018-08-24
201,yspt,rrib,2015-03-22
202,vkuk,aciw,2014-04-28
203,izcu,gxyd,2017-09-25
204,tjid,qxrb,2018-10-05
205,hftd,xodv,2018-08-06
206,znfr,ovft,2014-11-08
207,plkm,xhlk,2014-09-27
208,bzmm,cxvv,2015-03-17
209,cvgh,ltrf,2018-08-21
210,btcx,nvlx,2015-11-11
211,bqjl,ekam,2016-09-16
212,tdsg,kpdg,2019-04-09
213,bckx,yifd,2014-05-25
214,ebxw,eldl,2014-11-03
215,doum,shbt,2013-09-23
216,ujjc,pkbj,2017-10-31
217,nnlm,bdpx,2014-01-23
218,lrbx,jekt,2019-02-21
219,qxwh,weab,2015-11-17
220,tblv,wqnd,2018-01-24
221,lhvx,ntwu,2013-11-07
222,pudd,jmtm,2013-08-27
223,kdlw,lifp,2013-10-16
224,vvxp,pqfb,2014-10-23
225,tesd,dhcq,2013-07-07
226,usmo,cvle,2014-06-01
227,fcsx,xgtu,2017-05-31
228,qzri,rvba,2018-06-30
229,vrxl,eolg,2013-05-31
230,buoy,jxam,2015-08-02
231,ytin,cutq,2016-10-24
232,vsgn,eabu,2013-05-22
233,pnvp,upqm,2015-10-20
234,cekq,scmq,2017-11-13
235,enlx,luwv,2019-01-21
236,brnh,ubjo,2015-09-18
237,yeco,hkmb,2013-08-24
238,ngrl,gefc,2017-11-29
239,oxfy,rcdx,2014-08-15
240,fyql,guok,2017-01-12
241,awpc,osue,2013-06-09
242,gatk,spog,2018-12-30
243,dypi,ifqx,2018-06-27
244,bcng,gffr,2013-08-07
245,ruyy,gjns,2015-04-17
246,cxbb,blnw,2013-02-27
247,hceg,qcdq,2014-10-24
248,yjcu,ispc,2014-12-08
249,klde,lrxq,2017-04-20
250,povl,ycni,2016-07-05
251,exko,dkfh,2019-03-01
252,rpik,juxh,2013-03-03
253,igxo,lekm,2015-06-23
254,ejwj,uxsf,2018-01-02
255,obds,plgw,2017-11-05
256,wvyo,uzjo,2014-02-06
257,lopo,ykhd,2016-11-11
258,onvl,wkig,2013-06-10
259,pxfh,gfin,2016-08-23
260,nmco,tyxa,2014-10-07
261,lvpk,gjya,2017-01-14
262,ihna,pflr,2019-04-12
263,ehkr,jrkj,2016-04-28
264,orje,svxr,2019-01-01
265,farc,ctdm,2018-04-21
266,vinu,kwth,2017-06-13
267,eqwb,tmwh,2017-04-22
268,bxbr,gyhd,2018-01-28
269,ddil,euni,2013-10-31
270,kpdg,nlyi,2014-02-07
271,icgj,dphj,2014-10-08
272,hwue,bprf,2016-08-29
273,fidh,nbsm,2017-01-10
274,mjmr,doxh,2015-08-13
275,biob,sohb,2015-01-06
276,kmcw,dihc,2019-03-22
277,uyuf,qsik,2018-08-11
278,ocay,urod,2015-05-11
279,qzgm,kpxh,2017-12-04
280,dkqc,mcep,2017-09-03
281,ibef,kcfe,2018-05-16
282,ujxm,dorp,2014-03-28
283,uddb,wlez,2015-02-12
284,qkgb,vewq,2015-02-24
285,kwnu,jefe,2015-08-17
286,hhie,scdx,2018-09-13
287,fbcg,dxks,2016-04-05
288,bmrf,svgy,2014-07-10
289,zygi,oryv,2017-01-08
290,lqcw,fgir,2017-01-19
291,mgpc,bdtr,2015-12-17
292,qses,moih,2015-11-15
293,hgll,dfbb,2016-01-04
294,mamc,tjsb,2013-03-14
295,oxwy,nucx,2015-07-18
296,wvqh,glvm,2014-04-06
297,clic,nsgx,2018-09-11
298,liso,tpzc,2018-10-04
299,tgvh,svow,2018-09-20
300,grtx,jrog,2015-09-08
301,jshk,vghx,2015-06-22
302,ious,ovyj,2017-12-29
303,vkty,kalw,2015-10-06
304,kctk,orjp,2014-03-12
305,arqz,krpl,2016-10-22
306,irtw,xnhy,2018-07-10
307,rkxo,phvi,2014-06-30
308,byss,icxf,2018-07-08
309,bmir,rgnx,2013-11-25
310,paxt,aytr,2015-04-14
311,romg,vwiu,2017-02-12
312,guft,dckl,2013-09-02
313,udcd,fqne,2015-01-09
314,zlsr,nyrf,2017-10-07
315,axvm,eaco,2015-08-01
316,tbwi,qeoc,2017-02-07
317,lisy,cbya,2014-01-10
318,jmlh,ekrx,2016-06-08
319,kbwj,prtf,2018-11-11
320,bcsj,kxbx,2015-08-05
321,aksc,nuwc,2018-09-01
322,tykf,ejhv,2014-07-31
323,afxy,asnq,2014-12-17
324,zian,ffxv,2018-06-08
325,fhee,rscy,2014-10-11
326,gmin,ljoq,2018-12-17
327,tlkd,wbfk,2014-11-19
328,lpdv,tpnf,2015-02-01
329,vcnp,upnk,2018-03-31
330,pqdt,hwbd,2017-08-22
331,phjf,tkvy,2013-06-10
332,kpet,jwlf,2014-01-25
333,npjk,ltya,2014-05-23
334,laot,lbyv,2018-05-13
335,jkqk,mzio,2017-03-02
336,cywi,wavt,2017-08-21
337,fnpo,hcue,2013-02-24
338,vbpl,crpd,2018-06-07
339,luug,csma,2019-04-27
340,qeft,ciym,2018-07-21
341,lfor,shbv,2015-09-11
342,qdpa,gqwx,2018-03-24
343,ibxb,rkif,2013-05-23
344,sznc,htby,2016-05-03
345,qkyp,dfye,2017-10-07
346,oifc,peop,2016-03-09
347,uqvz,tijf,2015-10-07
348,nenh,xpgj,2013-09-07
349,pueq,dolb,2018-04-15
350,dyyt,fuch,2017-10-11
351,qesj,nfqg,2016-03-26
352,ecgj,tjbz,2018-09-18
353,kyyw,gzys,2018-08-18
354,hnry,uigv,2017-04-07
355,rypu,sbio,2015-03-30
356,xyia,cvpq,2013-12-08
357,kkdn,scqe,2017-02-21
358,udsy,cxrc,2015-05-25
359,wrjf,pqip,2016-11-07
360,hilg,gqwn,2014-06-12
361,ofuz,pxrg,2019-02-11
362,hrom,nxaf,2014-12-01
363,wpdk,ceop,2015-03-30
364,tihj,lqic,2013-06-22
365,blos,bvyk,2015-06-27
366,gyyn,dhtg,2015-01-14
367,oqkp,hstd,2016-10-24
368,gxhh,uzmo,2015-11-10
369,xheq,zgtj,2013-12-30
370,khtc,pwye,2016-06-18
371,agco,eukc,2014-05-23
372,irdb,oghe,2013-05-16
373,lchr,zvbk,2014-10-07
374,pxmj,xouy,2014-08-23
375,vsfn,ohad,2018-04-18
376,hjek,tqcg,2016-11-10
377,csqn,gdul,2015-07-28
378,glzy,uqkb,2016-09-19
379,lufx,kepu,2017-03-08
380,xlcc,uvlv,2015-04-13
381,klis,zbnx,2016-02-12
382,vqgx,sugt,2015-09-04
383,ulls,fikm,2016-08-04
384,wwfr,rvsm,2016-02-27
385,oqhy,dyfl,2016-05-16
386,dgny,xdio,2017-04-25
387,ksvu,qsyg,2014-08-05
388,eikl,ezjg,2019-01-20
389,pbkr,axkv,2017-12-18
390,rkvg,dbcx,2015-06-22
391,kkuo,tlee,2014-01-01
392,ulxy,kkvy,2019-02-15
393,regu,nvor,2013-02-25
394,bynd,uhbx,2015-11-17
395,cemx,ypxp,2013-02-23
396,yoxz,pqss,2013-12-28
397,pxpv,npqs,2019-03-03
398,njdl,kihr,2014-09-08
399,mrfp,pxtd,2017-09-04
400,cjqw,dpvs,2013-08-08
401,rpce,jpds,2018-04-24
402,vlos,ilqm,2014-05-24
403,mjgi,swzi,2015-09-17
404,lgpa,tpzi,2015-08-19
405,vbtp,qgtr,2015-11-27
406,qvpu,jclr,2013-06-20
407,vxqq,ycrc,2017-07-26
408,zjem,hvod,2015-11-03
409,uwnf,pfla,2015-03-29
410,ghjv,lgnk,2016-02-06
411,quov,stjc,2018-06-19
412,endf,fvss,2017-03-05
413,tkci,bfhf,2016-08-17
414,cngh,lkfx,2013-09-14
415,dwng,vqri,2019-02-13
416,gwbb,uqrk,2013-09-24
417,enwx,kzws,2013-03-04
418,sdci,jixr,2019-02-08
419,nqmi,dxjj,2016-06-01
420,xagk,lrhc,2015-06-21
421,tppc,ckfx,2018-02-10
422,uvql,tkul,2019-02-19
423,elhs,hunj,2018-01-23
424,wkkw,yeps,2016-01-14
425,ygox,bzco,2016-06-22
426,qzbk,jhoq,2018-07-22
427,cyja,kvcn,2016-08-22
428,yxki,tzhr,2019-03-05
429,hsun,tosh,2014-03-01
430,qgvg,bjre,2015-08-23
431,qcvw,eumv,2017-06-27
432,iuhb,mhqq,2013-03-17
433,jcsg,afqn,2015-04-27
434,jocq,wczb,2015-04-26
435,kwlo,pxtf,2019-02-17
436,xnlj,nsfr,2018-01-29
437,vbbl,tnqm,2016-04-15
438,jkrq,tbbs,2013-10-18
439,kahp,iyti,2015-04-17
440,lkhg,nxrg,2018-03-31
441,srrb,bxkq,2014-12-21
442,cjfn,smhn,2013-06-08
443,nces,hynm,2016-07-13
444,zdvk,catc,2016-11-06
445,yyfv,omwe,2017-12-27
446,sqor,dcdd,2017-06-03
447,iqdx,qady,2013-05-02
448,poyn,umsq,2015-04-26
449,hrkn,dugv,2013-02-22
450,affk,takq,2015-05-21
451,ryxd,jjqj,2014-01-16
452,rtkq,rlqj,2017-10-19
453,hncl,lhbd,2016-05-14
454,lypb,edbp,2013-12-26
455,kqeq,bolk,2013-06-24
456,rqnb,nwlu,2014-03-02
457,ptfm,lmlp,2017-02-11
458,kgvf,imyn,2017-10-25
459,gwle,jils,2018-03-22
460,dfue,tkvh,2019-01-09
461,rpdt,juyi,2017-11-17
462,fpou,qffj,2017-04-23
463,vlub,lcdk,2017-06-06
464,yofx,mbqo,2015-07-27
465,igfj,oogx,2016-07-14
466,mowh,zgnr,2014-01-08
467,qnlq,mgkb,2017-09-16
468,yfca,skiu,2018-07-12
469,cbso,fbfl,2019-01-25
470,veck,fxum,2015-10-05
471,yhpx,xltw,2013-10-25
472,myxx,bcua,2016-01-03
473,hbuw,lckx,2017-01-21
474,qfda,rhgv,2013-03-11
475,pezp,kayg,2015-03-15
476,lycs,egnn,2013-08-10
477,siwx,rpqt,2015-07-08
478,fylg,iwil,2016-07-28
479,itxc,oaok,2015-09-24
480,sitk,eorr,2018-02-12
481,mfgu,irus,2014-11-26
482,glhu,rukp,2019-03-17
483,bwhd,mdbi,2017-10-02
484,kifh,siwx,2013-02-14
485,zjtt,ltyx,2013-06-18
486,igxp,kwff,2014-03-22
487,tvii,tczd,2013-06-03
488,uplv,ovtb,2014-07-15
489,hdeu,yyuf,2013-03-13
490,whjs,tgxj,2017-05-10
491,eyxe,teni,2016-01-15
492,hatt,ibhs,2018-09-11
493,pfew,zxes,2018-09-18
494,hljk,tcgu,2013-03-16
495,ijdd,zbdp,2018-08-18
496,ogzx,njvj,2013-04-22
497,gref,lrxt,2016-12-15
498,gohk,crwy,2018-11-16
499,lbpd,xwqx,2016-04-24
500,fanf,zxuz,2016-12-23
501,ocbp,vwdw,2016-02-15
502,lptu,rofd,2016-01-15
503,jdyj,xskm,2016-07-21
504,lmdb,evlp,2014-05-31
505,htgq,kehe,2016-12-12
506,hhgq,hddq,2018-05-11
507,rmpy,mtvj,2015-11-23
508,csik,cyyq,2017-06-16
509,ercm,lycv,2014-12-02
510,gpvg,liht,2013-12-09
511,qkki,opbh,2014-03-20
512,ssvg,gqpy,2017-04-29
513,qhke,ylff,2016-03-25
514,dxmk,otpo,2014-05-18
515,aqip,pzxh,2013-04-29
516,kjnq,dxmn,2014-08-14
517,cogg,jnin,2015-12-07
518,ogjd,jtsv,2017-09-08
519,gxig,dglg,2017-08-28
520,hubx,kyex,2018-04-20
521,xrcp,tpqp,2016-09-15
522,dppl,ofev,2017-03-27
523,zesb,hxye,2017-09-20
524,oepl,zptw,2014-06-27
525,kjem,dbmd,2015-11-28
526,ivym,tvhr,2016-11-26
527,rmnf,dkbb,2014-07-11
528,vfxt,zhhw,2014-10-22
529,fdxs,adxs,2018-08-31
530,znfb,ouwh,2015-08-15
531,odcx,khnp,2016-10-10
532,qrpk,wdgj,2016-03-07
533,qcyk,jlgx,2017-04-03
534,xiky,ckup,2015-05-09
535,vxfx,mkor,2017-10-15
536,alni,hlgw,2014-11-01
537,xszr,nbzl,2015-12-13
538,sflc,masy,2013-11-06
539,cogl,poiq,2017-07-09
540,qesa,kegs,2017-03-21
541,sijt,uluy,2019-03-20
542,zngk,wmps,2013-04-23
543,cqol,kipc,2015-12-27
544,dfiv,jaro,2013-05-07
545,byne,tidt,2014-01-29
546,qqnk,snwg,2015-05-06
547,nnjz,nduv,2017-12-07
548,jqwj,kifp,2017-12-19
549,dqsk,jwly,2016-02-17
550,pnlt,wohv,2014-03-17
551,itkz,pmgd,2015-08-24
552,lrve,irhu,2015-12-15
553,yuit,vdms,2017-12-27
554,ntea,npql,2014-07-17
555,enjc,orpy,2017-04-19
556,nigx,ijki,2019-04-08
557,subi,dsaa,2018-10-13
558,evsw,yubb,2017-10-18
559,ykjv,cmoc,2018-06-19
560,dbwl,bihn,2017-02-27
561,rcme,mynf,2017-04-04
562,mpfn,smmr,2017-07-06
563,zpmd,gjbr,2017-06-15
564,rzoj,xjlr,2017-03-25
565,dcyd,ismk,2016-05-10
566,mufe,ekgp,2016-04-03
567,ybuv,mqeu,2017-05-03
568,gjlu,nmyo,2017-01-14
569,tvrn,hfqq,2019-02-12
570,bnfc,xkbp,2017-12-18
571,mxry,xfuo,2013-09-24
572,mbzi,ojqs,2016-02-13
573,inye,nlnk,2014-04-26
574,yvwn,wxar,2016-10-24
575,vrdn,ugnd,2015-01-17
576,xgxi,rmfi,2016-01-15
577,ikwr,lgns,2019-01-24
578,jtug,lfhc,2018-06-26
579,tulc,chio,2014-12-17
580,lwmh,zevk,2013-07-23
581,cdbb,mnwy,2018-10-08
582,jpfy,rkqg,2015-09-12
583,tgjn,psxy,2016-03-06
584,duws,lvbr,2016-01-01
585,dwum,crzj,2017-04-12
586,xkjm,jgih,2019-03-06
587,oabx,ecic,2017-04-15
588,digc,qyro,2018-08-26
589,rihm,gfdo,2013-11-27
590,ymqo,ntiq,2015-05-11
591,purs,bcnv,2018-12-16
592,zflc,wnfp,2017-02-10
593,oika,atgk,2015-02-10
594,vtni,tcsc,2013-11-10
595,gfec,srmo,2014-04-01
596,erlb,kngr,2016-05-28
597,eehe,hibb,2016-03-09
598,srcb,pbmp,2014-06-30
599,twzt,vfhw,2015-05-27
600,quvt,bend,2017-08-13
601,taoa,zpli,2015-05-22
602,tvqv,iked,2013-02-12
603,xcnu,kduk,2016-07-12
604,fcol,vlql,2014-03-22
605,fnrm,juei,2014-04-03
606,bqnu,osjv,2016-05-23
607,nqjx,ivgj,2015-02-16
608,jkzb,giqy,2017-12-20
609,oukv,plld,2018-06-15
610,aijn,tlyk,2018-10-12
611,lsgv,zshp,2016-03-20
612,cxco,emjw,2017-03-25
613,inue,quic,2017-03-28
614,bekm,kasx,2014-01-18
615,uisz,midt,2018-01-13
616,lqbz,vykl,2015-11-25
617,ojcf,izzz,2014-10-09
618,laec,rlmi,2014-08-31
619,ksnj,mfgr,2016-04-15
620,rxwg,grbs,2017-02-22
621,rrck,rbht,2013-07-29
622,lxju,obbc,2016-11-11
623,ijdv,znwh,2016-10-28
624,lgtg,kmne,2014-10-13
625,clyc,pppg,2016-02-05
626,pfyi,qovc,2018-02-23
627,dtdn,yeei,2017-02-13
628,fmwt,pytp,2013-09-12
629,hhsf,pfcg,2013-09-14
630,ooql,xfkw,2013-07-10
631,qwnk,gehu,2015-05-28
632,bfht,ueyt,2018-03-18
633,heoe,xrvy,2013-10-07
634,trlr,elkv,2017-03-09
635,vquj,weyh,2016-08-24
636,vdms,obto,2016-01-14
637,brap,xysn,2013-12-30
638,pyqq,xmtc,2016-07-20
639,dshi,khhp,2019-03-31
640,efnp,ajow,2019-02-23
641,gisb,qvyu,2017-03-16
642,wjug,tmdg,2014-05-06
643,ppaq,vepb,2016-11-18
644,enfp,eywu,2016-01-27
645,pkcd,rlop,2016-05-19
646,kskg,mqon,2016-01-30
647,zwov,jisf,2016-10-25
648,ytqs,kxms,2016-02-09
649,vqkq,filw,2017-07-26
650,shdj,yxjh,2014-08-13
651,isin,usps,2018-11-21
652,zwbt,hidu,2018-05-19
653,orgp,mmcj,2019-03-23
654,ngee,zojp,2016-07-10
655,ktxm,voty,2017-08-03
656,xrrr,pfyy,2013-05-17
657,wdbi,fekl,2013-05-22
658,tybo,lhfd,2016-09-02
659,wcyi,ajqv,2016-12-18
660,kheb,qodr,2018-06-15
661,mptf,oybd,2017-02-05
662,kzck,pmfj,2016-09-19
663,kmwx,khmd,2015-12-24
664,sebr,qrnm,2017-01-16
665,cffj,fljp,2013-08-08
666,itdh,xrcw,2018-05-07
667,bcjl,cscy,2016-03-20
668,uyls,scth,2017-10-23
669,vhdw,rvkp,2017-10-11
670,iajt,xihe,2014-04-29
671,bcmp,mcik,2015-11-15
672,mfex,uyrg,2016-01-14
673,fdyx,yunj,2017-05-23
674,pcnp,hxhh,2018-02-02
675,ptsa,bwjo,2017-06-21
676,ylwc,ztrt,2017-01-29
677,bjrk,hupp,2017-05-05
678,jyeo,hbjj,2015-05-26
679,iwrv,kert,2017-11-05
680,rstu,yfpv,2019-01-18
681,xfqu,jklc,2014-12-07
682,rtmb,namq,2017-12-19
683,jbmt,iury,2017-06-09
684,cael,vetm,2014-07-02
685,qfgb,ofgv,2017-07-19
686,pnzm,sqlh,2016-07-12
687,irbf,lqlk,2016-12-27
688,edpl,gjho,2015-09-22
689,bdec,omol,2015-05-01
690,oevl,xghj,2013-05-22
691,dyxr,tint,2017-12-14
692,svfs,nsru,2016-07-14
693,dcnh,hpks,2017-08-18
694,xqek,xudw,2015-03-01
695,edep,uulh,2015-06-10
696,hhzn,immb,2014-11-24
697,hdrg,vlqh,2016-01-21
698,cppp,wptd,2016-10-27
699,uboz,srbb,2015-03-19
700,xkti,jdmt,2015-07-08
701,cqst,axnb,2019-04-13
702,gvkc,ixgl,2017-01-07
703,ayfx,tjea,2014-07-21
704,tyfd,kyxy,2018-06-07
705,qlal,tfme,2013-09-20
706,epkd,ezyf,2014-06-21
707,joxt,bstt,2018-06-10
708,fowx,rocy,2013-12-24
709,gyax,drnx,2017-04-24
710,mmlw,elmq,2018-09-30
711,fhnw,ntcs,2018-06-24
712,wcdm,fvcx,2014-07-26
713,emiv,gngj,2015-12-23
714,tdbg,rokp,2018-01-27
715,yttr,ecbt,2018-09-30
716,oekh,uyug,2018-01-04
717,mbcv,sjqn,2017-02-11
718,nyjv,mfra,2018-02-08
719,eucs,logs,2015-07-18
720,kdss,ybli,2017-10-19
721,ycny,kgbn,2018-07-09
722,syfo,vvtt,2018-01-19
723,xgxb,bppo,2019-02-16
724,ozou,fkvp,2014-02-01
725,vxsa,vuxr,2014-02-13
726,iekb,dsnx,2016-06-13
727,ohbc,wkvi,2014-11-13
728,tbpr,nujx,2015-10-19
729,lwvp,tpoo,2017-09-29
730,cwqt,hied,2016-03-17
731,scni,goyx,2017-08-03
732,kglr,jgxw,2016-06-09
733,odhc,fdnx,2015-11-16
734,xqeu,vidg,2013-06-28
735,goir,jsuo,2015-01-15
736,wbnq,lsit,2017-09-04
737,gnju,gknh,2016-11-06
738,zabn,bkwg,2014-08-27
739,bivx,bygw,2017-12-28
740,vspj,bmrm,2017-09-24
741,cuet,qkne,2013-10-23
742,nwlc,gqjh,2013-12-08
743,ibbg,psfd,2015-07-16
744,hlah,tgnx,2013-04-21
745,fypj,ekfh,2013-12-22
746,pbjg,pwxh,2016-07-29
747,xbog,htil,2018-05-02
748,gepn,bbkj,2015-04-24
749,ebol,tsjj,2013-03-01
750,kqno,wrpj,2017-07-15
751,exee,lrsy,2016-01-22
752,fgre,jwoi,2015-06-12
753,luwr,gqas,2015-09-18
754,jnlt,vdjy,2018-02-22
755,qume,ngui,2018-09-25
756,qokr,laho,2014-11-15
757,veub,eohm,2013-05-16
758,bewh,igbu,2015-12-18
759,mlxg,xknf,2014-07-22
760,pdbt,ujul,2017-09-27
761,lmdr,tnyy,2017-03-03
762,vhmf,fmaj,2015-05-10
763,tvxx,dfbr,2017-05-12
764,wjaf,nzfg,2013-11-15
765,mduw,lxzf,2016-03-07
766,eoqk,bhmn,2013-04-01
767,gdjp,jjjw,2017-06-29
768,cctf,jdxd,2017-01-26
769,zodm,kjhr,2016-08-21
770,vnrv,nkxm,2017-11-06
771,gkjy,ejfb,2014-08-12
772,ksbv,whee,2017-02-04
773,vmwh,gvbq,2014-04-18
774,rxdd,oxrx,2018-04-27
775,wfam,kykr,2013-10-25
776,aklw,cnpm,2014-11-03
777,gefc,kkwg,2015-10-08
778,ldnp,gvxj,2014-07-16
779,lywp,nnia,2019-01-15
780,lwds,hgsu,2016-05-12
781,bccn,gnof,2013-02-10
782,vuhh,nxvs,2016-05-19
783,etfu,xypt,2014-10-23
784,ocyn,xyuk,2018-05-24
785,tztk,qhvs,2016-05-10
786,zbrf,kncm,2017-03-30
787,cnuy,vueb,2014-08-11
788,dlox,znsw,2018-01-15
789,pzsl,dnok,2017-07-01
790,cjkg,nyip,2015-02-07
791,iduf,eoko,2015-01-23
792,qdcr,olnp,2013-12-18
793,pwrv,ohbs,2018-05-02
794,emes,pdjx,2017-10-06
795,kycp,reqf,2018-11-23
796,hpun,nlqf,2018-01-10
797,nyzm,ujrn,2014-01-31
798,hsor,kxcz,2013-08-04
799,axnq,svbo,2018-02-25
800,drcr,ppei,2016-05-31
801,hvcd,dmty,2013-12-10
802,xhei,brbv,2016-05-23
803,zgxj,njia,2016-04-20
804,qlvc,tdho,2019-03-09
805,hrld,gkom,2014-10-14
806,qfcj,dcdb,2015-09-27
807,ltsh,pcfy,2015-04-29
808,poaj,pdez,2017-06-27
809,soqc,dhxg,2013-04-05
810,tcjf,qvjk,2017-02-26
811,drje,rpxf,2017-05-09
812,wedq,dwdj,2017-10-09
813,ycoz,qlmq,2016-10-25
814,toew,skfg,2016-05-28
815,hdrh,hsrq,2017-10-27
816,tinx,yapf,2013-09-02
817,mlem,ykxd,2014-01-09
818,lpoj,ybxo,2013-07-06
819,mhrt,llyk,2016-05-17
820,mmpl,klzm,2016-03-25
821,amfl,kvtl,2016-09-11
822,rljk,pyfd,2014-06-18
823,uuik,qdpw,2018-01-22
824,bpgn,dvlh,2015-09-17
825,qdgt,sjzs,2016-02-06
826,gdhf,kxgt,2015-06-15
827,jbym,dige,2013-06-07
828,zwqp,vgpa,2017-06-01
829,pcfk,ewmj,2016-12-26
830,wkeq,iasg,2017-04-09
831,vgpa,ekfy,2013-11-11
832,ymii,maji,2018-06-06
833,xqrt,htvo,2014-01-05
834,vnbn,yokv,2013-03-08
835,qesd,ztjl,2017-07-11
836,wtjd,iuzc,2017-10-04
837,nbxe,txtp,2015-11-02
838,immj,rmrw,2017-10-08
839,wset,rbii,2018-09-03
840,yoyz,ndfs,2017-08-14
841,orxq,jjdf,2015-06-22
842,nphe,nsms,2014-07-27
843,xiiq,jsen,2019-03-01
844,pwfk,cvcp,2017-09-19
845,cwsd,kvqx,2018-07-14
846,ofgm,wcqt,2013-05-12
847,brsk,tyww,2015-10-21
848,pobr,sekc,2014-02-14
849,pwxn,jrvf,2016-03-28
850,bnmv,ufce,2016-10-22
851,jzoz,ssmy,2015-10-29
852,spoi,erfe,2016-07-13
853,kuno,qeei,2015-01-22
854,ocsm,ksqy,2016-05-07
855,baum,lxjh,2014-08-28
856,khmu,svob,2016-10-21
857,qgfj,rxfu,2017-04-28
858,syzy,iaxp,2013-08-06
859,vtgv,mfmy,2017-05-29
860,ubcq,bmsn,2016-06-23
861,evjo,jojx,2018-08-29
862,btkm,brmm,2013-04-09
863,mhbf,lrlh,2016-08-30
864,bcyp,evew,2016-06-29
865,dfwr,npuq,2016-01-22
866,nklh,ntgy,2013-04-05
867,zpni,jygq,2018-09-24
868,qpmf,wnlt,2013-08-21
869,yewo,vumr,2013-11-30
870,fkgz,cxhi,2013-08-10
871,odxf,cmou,2013-02-22
872,icfh,bcto,2015-02-02
873,cbuj,ynlt,2019-04-24
874,zkhv,rxok,2017-09-18
875,gbsb,eeij,2015-12-21
876,byui,omfv,2016-12-24
877,bmvj,ukog,2016-04-03
878,xvhm,elga,2014-03-27
879,iici,mcim,2017-09-11
880,fmvl,jdvg,2014-07-02
881,neil,cikc,2018-05-10
882,kyiq,dbyb,2015-12-01
883,ropn,xthv,2014-12-04
884,bqfy,qulj,2013-04-15
885,kerq,jqdr,2018-08-18
886,vzgk,mltm,2014-06-11
887,piek,igbt,2014-10-18
888,supc,khee,2018-12-09
889,chpw,xnek,2013-04-14
890,prgl,dbtv,2016-08-07
891,kvdg,uvdu,2018-08-06
892,wbic,jtpm,2016-10-31
893,zrec,fwnf,2016-04-09
894,eaxv,qrlv,2016-05-29
895,blyy,dwkj,2016-06-03
896,hfdi,tygp,2017-12-21
897,kwmj,mawf,2013-04-11
898,ieeq,vqbh,2016-08-15
899,fask,kubs,2018-06-05
900,avtv,ubvo,2014-01-05
901,ouqu,mzod,2018-12-14
902,ysvi,uugf,2015-03-04
903,fage,elwg,2014-10-24
904,lthc,fceh,2015-02-07
905,xhqb,vdyh,2017-10-27
906,xfev,sjch,2013-07-26
907,ubcm,mqss,2015-09-17
908,djwa,vsid,2018-04-19
909,tsvl,ynbl,2015-04-01
910,bttq,rlek,2017-11-12
911,nufl,nbgg,2017-10-10
912,csvc,wcuo,2016-07-13
913,ybkj,ddjn,2018-07-13
914,pdtx,adau,2013-03-02
915,wxni,fgxe,2015-04-25
916,gpzb,cucj,2013-06-23
917,dsgs,xxes,2018-02-13
918,xxem,nrvv,2015-06-19
919,jixj,dyfc,2013-02-16
920,juyl,gmmv,2015-05-22
921,vidt,oinw,2015-08-30
922,ibom,ggis,2016-06-26
923,awnq,ytdq,2017-08-05
924,ttdr,cheh,2015-11-09
925,gcth,gxhx,2018-01-28
926,dlvm,hhxc,2018-01-04
927,bzai,tswx,2015-09-07
928,umql,fxns,2016-11-09
929,uysq,omoy,2018-12-08
930,acqy,zxht,2014-01-24
931,uukb,rsyq,2014-08-01
932,ilnv,iqoc,2014-08-11
933,oocn,nxfc,2019-03-23
934,vfjt,myta,2017-08-05
935,xmbm,dnih,2013-06-04
936,igjm,xruk,2019-03-15
937,ewkv,pzwx,2018-07-10
938,jufe,cloy,2014-09-12
939,uorp,rluk,2013-11-24
940,bxbh,byih,2016-06-25
941,qqhk,axwc,2018-04-11
942,jfru,joue,2016-12-25
943,hzck,vias,2018-07-18
944,eyrt,ftds,2019-02-14
945,ekvs,khve,2016-10-07
946,bibe,kmvq,2018-02-28
947,qaqt,piep,2017-09-03
948,kjxm,qfng,2017-05-30
949,brmc,pfxp,2016-01-19
950,tqnf,xpfw,2014-06-05
951,qojv,mkmr,2014-05-26
952,dymy,chzx,2015-12-07
953,ekbt,wwdf,2017-06-03
954,qtcc,egfh,2018-01-09
955,bpad,symd,2013-11-25
956,jezl,jrjf,2015-03-09
957,lmdv,bhzq,2013-03-26
958,cgdn,tgjv,2017-01-30
959,jgqp,rlvj,2014-06-19
960,hpvg,irxi,2016-05-20
961,rtrm,fajj,2019-04-15
962,sjxv,vzqb,2018-09-09
963,tmhe,spib,2013-10-01
964,kjnh,ldct,2014-09-18
965,phts,rmnn,2017-09-30
966,kpry,ltjy,2013-09-06
967,epvh,audh,2018-01-24
968,lhhu,cbdd,2017-07-10
969,gmsb,xopp,2014-11-02
970,vwkx,eeut,2019-04-04
971,ttjb,wkgc,2019-04-03
972,lqpi,ibgx,2016-09-21
973,kdko,wzeq,2014-03-05
974,vlsg,ewqg,2016-01-04
975,trmd,ewee,2016-03-24
976,uxnv,clxg,2015-01-01
977,pbwf,soxj,2015-04-11
978,quae,erhs,2013-09-10
979,evcj,bqat,2014-10-27
980,ywqn,jcjt,2016-06-07
981,zhek,qffc,2013-11-10
982,nwvi,aulh,2013-09-23
983,cpio,xlsw,2019-01-21
984,cbwf,scic,2015-11-13
985,sriw,ukwe,2019-04-12
986,tqpp,ghgf,2016-09-14
987,futb,rakv,2019-01-16
988,cfyo,ddie,2013-10-19
989,pisq,xbio,2013-08-10
990,qshf,athk,2017-08-04
991,ipvh,etiw,2017-11-13
992,siuh,yrqh,2014-10-23
993,srwi,rdbq,2018-01-28
994,zise,frbo,2013-12-30
995,lmrz,vxqh,2013-03-01
996,knjm,guet,2017-01-02
997,towq,pgyf,2015-06-06
998,oqdt,zeqf,2019-04-27
999,vmux,wxsj,2013-09-22
1000,rolr,jsxm,2015-10-28
1001,brwj,fsqb,2015-02-19
1002,ggjo,hyqx,2015-10-01
1003,qvpw,gvtc,2018-04-30
1004,jmml,pnil,2017-12-01
1005,gfcj,koyg,2016-03-13
1006,usfk,twji,2013-08-28
1007,jtqt,igit,2014-04-21
1008,qhhb,iukh,2015-06-19
1009,huos,vhyg,2017-03-16
1010,ougw,bwet,2015-09-23
1011,xjlb,kklx,2018-06-30
1012,vdoo,fzim,2017-08-22
1013,fsxm,bexu,2016-11-19
1014,xllw,cmfm,2016-06-08
1015,ucgn,xluq,2015-04-23
1016,wsjx,usgq,2018-02-28
1017,ofok,inwl,2014-03-19
1018,fmoo,rcka,2018-01-26
1019,peod,lyhx,2017-11-01
1020,owvq,jiia,2018-06-02
1021,adux,gtyu,2015-02-10
1022,vdjg,rslx,2014-06-05
1023,okhg,jxpm,2017-01-23
1024,nifj,qyyd,2017-09-27
1025,dbpq,cxmv,2018-09-26
1026,sflc,uhlp,2018-08-21
1027,nhoz,ipmp,2018-09-03
1028,ywcc,olna,2018-04-09
1029,lfhr,scbp,2015-05-15
1030,setk,iojk,2018-09-27
1031,ggtb,oaom,2016-10-25
1032,hvay,kxxi,2013-06-09
1033,tbtr,xvqr,2013-06-28
1034,tsjt,ovdg,2014-05-30
1035,tdpk,tnho,2019-01-14
1036,elek,shuy,2018-02-11
1037,rvtr,iypu,2013-04-12
1038,vjda,wprz,2016-04-27
1039,zdqt,vlih,2015-12-08
1040,uvlh,kdwu,2017-10-17
1041,opio,hgis,2014-08-07
1042,kqxo,srol,2014-12-20
1043,vpav,jjqe,2013-04-10
1044,gdoj,yahs,2016-01-16
1045,ihwm,utfe,2017-06-03
1046,yddf,fiiq,2017-10-21
1047,iqiy,tivt,2018-07-08
1048,ltxb,xppw,2015-08-07
1049,cdbu,glhg,2015-05-14
1050,zadu,pwsb,2016-03-01
1051,vkxg,llnl,2019-04-22
1052,ydxl,umsf,2018-03-27
1053,lkdc,eote,2015-01-03
1054,cugm,jkrh,2015-12-19
1055,ezfn,iscv,2017-11-03
1056,kikp,zbgh,2017-11-23
1057,kgti,mvrt,2013-04-28
1058,fiby,ftxb,2015-03-28
1059,elox,jcqy,2016-10-31
1060,xmov,emcg,2014-03-30
1061,nyls,onix,2014-05-10
1062,nyji,nwjg,2015-05-31
1063,badn,vtjh,2013-06-07
1064,vurt,rgde,2018-11-30
1065,bhae,gyjs,2013-09-22
1066,dbio,dgjm,2016-09-29
1067,uvcf,iuxj,2015-07-05
1068,tmxc,ktgk,2015-01-27
1069,qcpp,gdob,2018-08-13
1070,ercc,aqol,2018-07-02
1071,xoax,gxck,2018-04-11
1072,shdu,vgwp,2014-11-15
1073,cime,pspl,2018-01-03
1074,gqvu,rerd,2013-08-07
1075,inte,mqyh,2013-04-14
1076,wvix,ishp,2017-09-21
1077,kfut,sifg,2016-02-13
1078,dslv,lmtt,2018-06-18
1079,kxim,rlcv,2018-07-11
1080,bwcx,mqkq,2015-03-12
1081,eoox,ivnt,2013-10-15
1082,lcwl,zllh,2018-12-01
1083,tjwq,antf,2014-05-14
1084,tyhb,ejcb,2018-01-26
1085,apfv,tdse,2018-02-13
1086,cbja,oozc,2013-04-04
1087,pupn,ylen,2018-06-22
1088,pdih,kzdw,2016-01-01
1089,mrwn,uctx,2018-02-21
1090,fbdn,vlsr,2018-05-16
1091,vkyu,ajab,2018-03-29
1092,shdy,srzy,2018-07-04
1093,fqmr,iqqg,2013-02-12
1094,fvfe,nosb,2013-09-10
1095,hxbn,lhwf,2014-04-15
1096,khvo,pwpi,2016-11-12
1097,yasf,kltf,2014-07-05
1098,jcue,vgqy,2017-01-23
1099,xgmb,sote,2018-10-16
1100,gpoq,ibgk,2017-10-11
1101,lxjk,sjik,2013-02-16
1102,dyix,qccs,2018-04-17
1103,vcbe,wvsl,2016-12-18
1104,jkfb,bkbf,2018-10-05
1105,bvvh,eonw,2016-07-18
1106,kdlk,jzuv,2016-08-23
1107,yfiq,jcxx,2015-12-07
1108,ugbl,xhky,2018-11-18
1109,vtda,poiy,2016-02-09
1110,ecnr,qsom,2018-08-02
1111,knpw,uuve,2014-06-24
1112,kvac,uhwr,2016-09-02
1113,zssv,bxcw,2014-02-16
1114,ioiw,taxp,2018-07-13
1115,ruhs,jvur,2016-06-19
1116,vkos,zddo,2016-07-07
1117,fibd,yoze,2013-12-12
1118,afsh,rqmu,2013-06-04
1119,sgau,fxpt,2014-07-12
1120,rnpa,eigt,2016-07-19
1121,stdp,wdzq,2014-09-27
1122,tqaq,efiz,2018-12-16
1123,nurw,eyqj,2015-02-14
1124,cjxu,sllk,2017-03-25
1125,cyex,fwxh,2015-10-19
1126,eqhy,epow,2015-12-06
1127,kegn,vhbm,2013-12-24
1128,kyoa,lnpw,2015-10-02
1129,wwuo,khwu,2017-03-26
1130,xrxc,pjlz,2013-11-16
1131,pqxb,neek,2019-01-29
1132,hwnp,ynnl,2015-12-17
1133,ulnt,eqrd,2015-12-27
1134,rosb,blkq,2017-11-19
1135,toqs,crko,2014-02-16
1136,wybt,flcu,2013-04-17
1137,xcyx,fcye,2015-09-27
1138,skvk,dilp,2016-04-12
1139,xrvf,hvbm,2014-01-18
1140,klpn,ggyl,2015-04-11
1141,lhyd,bucy,2016-06-01
1142,ibgs,rfaj,2017-06-28
1143,wfhd,curv,2016-09-14
1144,smph,fmhm,2016-09-05
1145,etpw,ajpe,2014-01-03
1146,tgjr,rkro,2017-10-25
1147,imkg,ommg,2016-11-20
1148,nmbd,uppq,2014-12-09
1149,zdmg,rnvi,2016-01-03
1150,mpbx,yklo,2016-04-20
1151,tsqh,rlen,2014-07-30
1152,pfns,mdmq,2016-11-26
1153,sxie,ldvy,2018-02-11
1154,jmpp,jneh,2013-09-18
1155,kcgr,swse,2014-06-05
1156,drqb,srtn,2015-10-22
1157,ftvy,iigq,2014-02-19
1158,kgfx,gmfp,2014-04-01
1159,hxce,mzyb,2013-09-15
1160,pskb,jjns,2013-07-06
1161,opse,eyyd,2015-06-30
1162,prob,dqim,2015-06-25
1163,sibn,knqh,2015-10-30
1164,uiyq,thyq,2015-06-13
1165,uqcn,vjle,2014-11-21
1166,bvvg,mxvs,2013-08-25
1167,cxid,zpns,2015-04-27
1168,atsy,mrzo,2016-04-02
1169,qzwk,xgvg,2018-02-03
1170,iwtd,cvfy,2013-10-11
1171,rzfy,ptea,2017-06-27
1172,nmow,rvlk,2013-02-03
1173,lcai,pvbs,2016-09-07
1174,emyl,frmq,2016-06-12
1175,xpbq,ljfs,2015-08-19
1176,koir,sqcg,2017-11-15
1177,svbp,onub,2018-10-12
1178,gasu,lxin,2018-04-24
1179,tgje,rdwx,2018-03-17
1180,mhqb,xaot,2016-01-30
1181,pnvq,qgtl,2014-07-13
1182,kptx,oghi,2019-02-16
1183,kskc,avts,2016-10-15
1184,rcxm,maux,2017-04-22
1185,rpye,csvu,2016-04-18
1186,wxlt,piap,2015-01-20
1187,gxub,ippk,2017-04-13
1188,kkqo,xumd,2016-08-04
1189,xvpq,qnvp,2015-11-25
1190,elgn,jddw,2017-08-10
1191,cjok,tcuq,2019-04-24
1192,gitv,mcvk,2015-12-27
1193,hvof,olij,2015-11-27
1194,qxed,apye,2015-11-08
1195,oqff,sats,2015-08-28
1196,faqt,aurb,2013-07-24
1197,yqsu,xlph,2017-02-06
1198,vevo,bdyj,2018-10-26
1199,sdge,qdpo,2014-03-29
1200,tpyx,xyuf,2014-06-04
1201,lnmg,jhkx,2015-08-12
1202,vxpf,jtvk,2019-04-15
1203,dfxk,lcdl,2015-08-20
1204,jjbq,mrjb,2017-05-01
1205,jlqz,pybk,2015-10-28
1206,tful,uklh,2018-04-06
1207,ykez,rbgk,2018-04-09
1208,jwhn,ktva,2018-10-16
1209,zemw,zbsr,2014-01-10
1210,tspl,qjro,2014-07-05
1211,lyts,oxeo,2015-07-27
1212,tvyr,pecj,2016-11-22
1213,tdde,ljff,2013-03-26
1214,dptl,obou,2014-02-20
1215,oqsp,smlu,2017-09-27
1216,swjt,dbju,2015-10-18
1217,agct,hzsr,2015-01-31
1218,pjty,xzqr,2014-02-12
1219,cvgb,rgry,2018-12-08
1220,tmvp,pqht,2015-03-21
1221,bcca,ynyg,2015-06-19
1222,efio,bdvd,2016-07-28
1223,nsjo,vuzt,2016-08-19
1224,wonx,sygk,2016-11-06
1225,oidh,himq,2015-10-11
1226,riwp,ujhn,2018-12-24
1227,uxkv,woim,2014-12-09
1228,gyyf,xeui,2015-12-27
1229,emva,ojhb,2016-06-03
1230,exoj,seio,2018-03-31
1231,vegw,bjgn,2015-05-13
1232,oiee,mqqi,2013-05-07
1233,aqdg,kfvq,2017-12-25
1234,fwjm,zsfb,2016-03-25
1235,mleg,wqam,2013-10-06
1236,pewc,vxlg,2014-12-09
1237,fsvx,lbyy,2013-12-26
1238,lemo,xeqd,2018-02-11
1239,tjsa,ktri,2014-04-06
1240,xhgm,eijn,2016-08-01
1241,uzzw,kghb,2013-02-08
1242,ohax,qcro,2016-04-05
1243,gkxn,bort,2014-04-04
1244,vggi,ykjm,2013-03-06
1245,onbt,qcyz,2014-03-03
1246,jztx,wfxl,2015-09-25
1247,tzuo,ggme,2017-11-14
1248,tmae,hvkg,2016-05-04
1249,piml,kqjb,2015-10-27
1250,efke,hnbe,2014-11-16
1251,jlzy,fhqi,2013-03-30
1252,obxp,xsvs,2015-09-05
1253,shqm,cyfk,2017-04-03
1254,ljyc,smem,2013-09-12
1255,nfua,wxyr,2017-11-02
1256,nihy,xsou,2018-01-31
1257,lutb,yobs,2015-09-30
1258,rujc,wmfv,2013-07-09
1259,mmhr,bpda,2018-04-26
1260,bixn,nyqb,2016-01-06
1261,qikv,rdur,2013-02-04
1262,knkh,krrg,2013-09-20
1263,byuo,yygu,2014-04-16
1264,gtfn,xpxg,2017-02-17
1265,miwm,yjpr,2015-11-26
1266,sfrd,uyjx,2014-06-27
1267,lvsl,wrym,2018-05-30
1268,ebot,uhns,2018-04-26
1269,jigc,gjwe,2014-07-10
1270,yhjb,ygus,2018-02-03
1271,ofgw,gbpo,2017-04-19
1272,spqj,tjlh,2015-03-08
1273,hnhy,xwut,2017-03-16
1274,jqmb,wxjf,2019-03-16
1275,llug,sgvx,2019-04-08
1276,npis,bmwb,2018-05-01
1277,kiwt,qewz,2018-05-28
1278,geye,krho,2014-09-18
1279,tgjw,tmfw,2018-10-20
1280,ksrr,soiz,2015-10-06
1281,uinv,uurz,2013-10-03
1282,qvup,mlgj,2015-12-20
1283,zjel,jveu,2015-04-10
1284,ngeg,uyfc,2016-08-29
1285,oigq,qxds,2014-05-11
1286,nvjj,rtxv,2016-02-13
1287,octp,wqkm,2013-10-23
1288,mlha,vrro,2014-02-18
1289,fyoo,bsvg,2015-04-15
1290,bgdi,odxd,2013-10-23
1291,ctcd,kdhp,2017-09-02
1292,fffl,vfrk,2016-09-04
1293,chzf,edog,2017-02-02
1294,jkmc,wxaz,2016-02-19
1295,jnzu,ecok,2018-11-15
1296,btva,agde,2015-11-03
1297,gnli,srgb,2015-09-15
1298,fgxn,ohms,2015-02-08
1299,blye,gdhs,2013-06-21
1300,mbcp,izpx,2016-08-31
1301,poer,evbl,2013-11-06
1302,okmh,elwi,2016-01-17
1303,zqbx,pxgb,2019-01-23
1304,uslj,wjdr,2019-02-22
1305,bbtt,mipj,2018-12-29
1306,gqgs,ogxv,2016-03-03
1307,qbzb,frhf,2016-01-01
1308,czrs,utcs,2015-01-11
1309,ffot,twwd,2018-08-15
1310,ioid,tuob,2016-01-17
1311,sxvt,ndcu,2017-04-11
1312,mlun,cvqm,2016-05-06
1313,etfz,peul,2018-04-05
1314,krcu,grpj,2014-05-26
1315,ffni,kmem,2018-05-06
1316,qdln,euir,2018-12-12
1317,mdli,daoo,2013-05-02
1318,gqiy,dydy,2014-09-06
1319,jpvi,sucw,2018-06-30
1320,otki,cnsi,2014-06-12
1321,rqee,zwsm,2016-05-04
1322,oocm,bvrf,2015-02-04
1323,lcsu,wnyg,2013-02-03
1324,pqec,rmml,2013-02-28
1325,olwh,sldp,2019-04-08
1326,gxnz,vmhf,2018-07-19
1327,exol,hifb,2018-09-11
1328,nggz,imuv,2019-03-17
1329,fjei,iqmm,2016-04-11
1330,tnyh,yvwx,2013-08-16
1331,slbz,shmc,2013-05-11
1332,iigr,gsvb,2018-08-27
1333,bwmh,dvsd,2016-03-31
1334,roky,qbzc,2017-07-20
1335,znzw,vxxn,2014-02-09
1336,rmlw,dkor,2015-08-31
1337,ztjg,widb,2018-04-24
1338,rhcf,uxts,2016-05-16
1339,xzsd,xctl,2014-07-17
1340,eomo,zdrv,2019-03-18
1341,fsro,exdc,2015-12-06
1342,lpkc,rqxt,2013-08-14
1343,hnis,pouo,2017-04-22
1344,jpmc,ywdb,2016-07-27
1345,tffd,vxcc,2013-02-22
1346,jfbp,eukc,2016-01-07
1347,oqlt,mirf,2015-02-17
1348,mvjs,tgmd,2014-01-10
1349,vnnt,zkjc,2014-10-06
1350,vpit,erxh,2014-01-01
1351,ezil,eqwm,2019-04-27
1352,xfck,fpvn,2014-06-19
1353,ynyj,boup,2015-11-01
1354,jsyx,ivxp,2017-09-15
1355,twts,luls,2013-07-19
1356,owts,wyuy,2013-10-31
1357,maap,aneh,2013-06-26
1358,rpxj,uqsb,2016-10-12
1359,gdwp,txkg,2018-12-12
1360,sakc,irty,2013-06-01
1361,ptal,fddq,2019-02-24
1362,wkkk,mmzt,2017-03-01
1363,izpr,yyci,2016-06-21
1364,vbkj,gtnd,2018-03-01
1365,gptq,ygkf,2016-03-23
1366,jpmb,mxit,2017-08-05
1367,yoqp,fcej,2015-12-18
1368,evwn,yzae,2014-11-07
1369,mbtp,wgau,2018-04-08
1370,ompz,qjis,2014-11-09
1371,sgwe,hedi,2015-02-08
1372,smmq,iwlq,2018-12-27
1373,aplh,zowi,2014-08-02
1374,xukn,ooog,2016-12-03
1375,lpmk,xtdn,2013-07-04
1376,sznd,thnq,2018-10-27
1377,ccvs,mtvh,2019-04-15
1378,qwbc,rtfb,2014-10-13
1379,fize,szvp,2015-01-24
1380,vobi,itas,2016-03-19
1381,jmji,orqd,2015-09-26
1382,xtlt,tbqb,2013-08-08
1383,mpyo,yaxq,2013-10-08
1384,crnc,osml,2014-02-01
1385,omuy,jxfm,2015-10-03
1386,dscg,lsfq,2018-08-14
1387,spjb,wnfp,2016-12-20
1388,vzox,bgnn,2017-03-09
1389,sdxu,plmr,2018-06-14
1390,qwrv,gcrl,2013-11-19
1391,tfyq,conh,2019-04-24
1392,abvd,mwwy,2015-02-26
1393,buqs,uqet,2018-09-11
1394,nlmb,qlkg,2015-06-04
1395,bgzf,lqxy,2017-01-02
1396,phoi,zuzv,2016-02-26
1397,eggv,nmtl,2016-11-15
1398,xpqu,olgc,2016-07-08
1399,rofh,uzou,2019-02-26
1400,lpth,rfys,2016-01-23
1401,gdgh,cxbl,2014-11-26
1402,dguu,zmfo,2013-06-22
1403,usxx,lgkh,2015-02-02
1404,gvdr,lxkb,2019-02-27
1405,snsh,eqod,2017-03-03
1406,loch,wows,2016-12-22
1407,mrrx,idxw,2015-09-21
1408,qpfr,tivb,2015-04-28
1409,wbbo,kyri,2017-02-23
1410,xddm,hert,2013-11-04
1411,lxte,bpbb,2017-10-23
1412,zkid,kkjs,2018-02-13
1413,gxls,ycnl,2018-11-20
1414,pbmj,uqqf,2016-03-05
1415,jsil,pgjk,2013-12-20
1416,ybml,mfdz,2014-09-10
1417,ngkd,bnis,2013-08-26
1418,rmji,grfk,2016-04-10
1419,gpkh,uqug,2017-10-18
1420,meuo,rlrl,2016-12-09
1421,lzsy,wtev,2019-02-13
1422,mglk,maob,2016-01-08
1423,hfme,nkbe,2018-09-07
1424,efug,ylfz,2013-08-04
1425,oohq,lfsy,2018-04-14
1426,xbbq,snxf,2015-12-28
1427,njgx,odug,2014-09-26
1428,ohkm,yewu,2014-03-29
1429,cftd,jmnk,2016-11-25
1430,cmks,skgi,2013-07-27
1431,hjll,qswv,2015-05-07
1432,guri,pqxs,2018-11-12
1433,kisy,ytck,2014-05-21
1434,anos,qshs,2013-05-01
1435,ljbp,obto,2013-03-02
1436,lwms,trot,2018-09-02
1437,rdbf,plsl,2019-03-12
1438,dkak,wdmi,2017-12-30
1439,gjvm,ophn,2016-05-18
1440,oioz,hrfw,2014-07-10
1441,lqjs,hgie,2015-12-25
1442,emzm,ebqi,2015-09-12
1443,dees,hvqq,2016-11-04
1444,posf,kqfx,2014-06-29
1445,wsyv,khkl,2019-04-12
1446,gmug,zooo,2013-08-01
1447,cqog,qdpq,2013-12-04
1448,wgkt,fvky,2014-04-01
1449,bsxd,bnpt,2015-05-27
1450,lalj,lkut,2013-02-21
1451,vjif,vraq,2016-01-27
1452,bplt,hglv,2015-11-28
1453,jtii,emgt,2015-06-14
1454,bfof,tgzj,2017-02-16
1455,tftd,gfos,2014-11-05
1456,jlbw,zjwy,2015-08-07
1457,ocwv,ghcc,2014-07-16
1458,vtoy,xcid,2018-05-12
1459,tpzj,qvtd,2018-01-07
1460,dfea,povf,2018-10-10
1461,sxte,crpl,2016-09-30
1462,xgam,qfzq,2016-02-06
1463,itus,rwcf,2015-10-08
1464,nhwc,vkrh,2015-09-02
1465,myur,zogb,2018-02-09
1466,iigz,iyjm,2016-04-04
1467,edan,qvnb,2015-08-14
1468,otgx,rcfh,2019-04-09
1469,sdnw,btbb,2017-09-21
1470,iuhg,tiyv,2016-02-02
1471,ufrq,gskd,2015-12-07
1472,kchp,jovl,2016-06-04
1473,jkcl,swmm,2018-02-28
1474,tlyx,mybs,2019-04-01
1475,msba,gugi,2016-10-07
1476,shiu,spga,2018-10-04
1477,hyty,tlrh,2015-02-06
1478,rckf,bmcp,2016-12-06
1479,ltkh,icba,2015-10-30
1480,phjr,sccv,2014-01-16
1481,wriq,enrt,2016-09-15
1482,djmt,rcxj,2018-02-11
1483,gjfu,msrr,2013-04-08
1484,kmww,cucn,2014-09-27
1485,ksdk,qgzy,2014-02-26
1486,kgxr,gatn,2014-09-09
1487,ohrr,hewn,2018-05-08
1488,dscq,pdho,2017-07-25
1489,wnxg,gwps,2019-02-09
1490,icgz,kwrj,2018-02-25
1491,delj,vtym,2014-05-07
1492,xguj,eksd,2014-07-20
1493,fwls,czbq,2018-09-19
1494,ywhf,ythz,2013-03-23
1495,tqme,poek,2018-12-06
1496,rcgj,kcbh,2016-11-02
1497,jlpr,kurk,2013-12-01
1498,lrwf,nsot,2014-01-12
1499,byhi,pndn,2017-05-19
1500,fssw,lmrv,2018-07-03
1501,dhyn,eyjm,2015-10-23
1502,yipi,opfx,2013-03-08
1503,tujf,xmqe,2015-06-08
1504,kwrg,asdt,2017-02-28
1505,qyaj,ipgu,2015-05-21
1506,nnav,jzxo,2015-03-26
1507,cicm,mgqs,2019-01-03
1508,tswn,otll,2017-06-20
1509,snfn,yicz,2018-07-01
1510,cvzm,mobr,2015-08-17
1511,ojhf,yxiw,2017-07-01
1512,ebab,btdw,2018-04-13
1513,dybm,erhq,2017-07-26
1514,vnkf,nkso,2019-04-16
1515,qbvi,ziwy,2018-04-14
1516,ubko,jube,2016-09-10
1517,ybhz,mdvx,2017-04-10
1518,ewcp,wcsp,2017-12-27
1519,kowg,rbxw,2017-09-02
1520,mbbm,ttvi,2018-06-01
1521,rwpc,mpwh,2015-11-09
1522,wouz,didy,2014-12-06
1523,khpz,hhsv,2013-11-24
1524,dqwf,vlmj,2016-04-03
1525,aomx,qxbu,2017-10-27
1526,emtd,cmya,2018-11-07
1527,xvdy,fkjs,2018-04-20
1528,ncic,fuak,2017-12-20
1529,jbcm,kish,2019-03-19
1530,eqge,uybj,2015-06-21
1531,jwwy,ghem,2013-07-17
1532,hxyh,gwnk,2018-02-25
1533,jito,lxpz,2017-01-22
1534,imlo,hbdx,2014-09-15
1535,auwf,yimw,2014-04-04
1536,erqc,dlps,2016-01-07
1537,qyrg,ktrk,2018-07-05
1538,ogst,runk,2015-05-28
1539,wslw,ojqj,2015-06-27
1540,ndug,cfvk,2016-09-07
1541,wllg,schh,2017-07-21
1542,cuvl,rknt,2015-06-30
1543,yviu,qbhk,2015-02-22
1544,coty,bgoe,2016-05-13
1545,hnix,qsjf,2016-08-07
1546,ensr,irlm,2017-06-02
1547,qyqj,rnrx,2015-09-18
1548,xmst,flxd,2016-12-12
1549,wyne,pshu,2014-05-22
1550,griy,qtwh,2014-04-21
1551,lfoo,gdrw,2014-07-26
1552,rhro,htel,2016-09-02
1553,okuu,tkox,2013-09-24
1554,irrl,agzu,2017-04-19
1555,uexq,wjmn,2016-10-21
1556,gpqo,ryin,2014-01-16
1557,blif,bmxp,2017-12-07
1558,scnu,mhed,2014-10-06
1559,offs,aobf,2018-09-17
1560,gigo,cgsb,2015-08-24
1561,egpv,bpui,2015-03-06
1562,tfoy,nfdw,2016-06-15
1563,zwpo,gcjf,2015-01-05
1564,fqng,csjt,2013-05-08
1565,mzbr,ixxr,2013-11-28
1566,yvuc,tfvx,2018-12-04
1567,wusa,simf,2019-04-11
1568,tlui,mmyy,2017-07-24
1569,ezgg,idbh,2013-11-12
1570,mejg,hlgk,2018-03-13
1571,grcf,wuhj,2015-10-30
1572,grdb,hopv,2017-11-29
1573,wree,tner,2017-01-28
1574,rbxu,cgns,2019-04-05
1575,opej,lksn,2015-09-29
1576,gupw,lkpm,2015-07-11
1577,gexg,etxu,2013-03-28
1578,ylpk,lpnd,2017-07-09
1579,eopq,qylp,2016-06-28
1580,ubjo,omkn,2019-01-30
1581,iuff,wdbn,2014-12-12
1582,yfmy,hwmc,2018-10-13
1583,dgpn,sekl,2014-03-04
1584,oojk,wezx,2014-07-23
1585,ndye,vwln,2016-03-28
1586,ycaf,ubrm,2016-10-01
1587,wdrx,mnup,2013-12-26
1588,fjwq,rxkx,2019-02-18
1589,ocad,jedk,2015-06-18
1590,ksic,kpdp,2018-10-06
1591,srqd,nrpq,2015-08-20
1592,kuwh,soll,2015-06-19
1593,uikv,hppv,2017-12-04
1594,umwx,wjin,2019-01-25
1595,bzsp,ffoq,2016-06-18
1596,rdrb,yazl,2018-03-01
1597,wblv,fxpk,2015-04-26
1598,yyjg,sdpv,2013-09-04
1599,dmbg,jamw,2014-05-23
1600,qeiq,teyv,2014-01-11
1601,krmr,fzsh,2014-09-11
1602,gwtg,ypno,2014-09-25
1603,zylr,svss,2015-12-02
1604,nsmi,bxcn,2017-10-01
1605,ditp,pxuk,2014-07-09
1606,fpvn,ttle,2015-07-02
1607,raee,gjuw,2018-02-13
1608,ytdk,xtqk,2019-01-31
1609,fuig,dnds,2018-07-02
1610,njuu,clmc,2016-10-22
1611,qkkj,yspa,2014-02-22
1612,xaim,jdli,2017-08-23
1613,vtkt,dbxv,2019-04-06
1614,cbbe,ltth,2014-06-08
1615,kxml,smje,2016-03-13
1616,dufr,fnfm,2013-09-09
1617,xged,idou,2018-07-03
1618,kgkg,fotj,2014-02-01
1619,okrs,wqlx,2016-05-18
1620,hgfz,rpdr,2013-09-30
1621,gygq,oyhi,2014-06-09
1622,fmqb,xkci,2017-07-13
1623,ydfh,byrp,2019-02-08
1624,bopb,rkqm,2016-01-29
1625,uteu,yrux,2017-02-24
1626,ious,bbfk,2016-06-07
1627,cfht,omuq,2015-01-27
1628,xqkh,pfjt,2016-04-30
1629,hhig,fhyr,2013-02-10
1630,sjlr,ukuj,2013-07-26
1631,tltr,xlil,2014-08-25
1632,oxdw,mfqn,2013-12-31
1633,wtvf,dghy,2016-05-13
1634,eymx,gjdr,2018-04-23
1635,fjrv,igge,2015-04-11
1636,ingr,fwtv,2016-11-23
1637,njgz,qzkn,2014-09-15
1638,lpuu,xfqk,2013-07-07
1639,aniz,uvpa,2016-02-26
1640,unql,aedh,2018-08-24
1641,xkot,tfiz,2015-01-27
1642,nits,iyzv,2014-08-27
1643,sajs,mkst,2013-08-18
1644,dqkf,icxf,2018-11-25
1645,kftq,xpxe,2015-02-11
1646,rsdi,ugfy,2015-08-24
1647,ojjt,vwcl,2016-12-18
1648,ybuk,twus,2016-08-16
1649,nxey,ssyf,2015-10-23
1650,svhx,uhao,2014-01-21
1651,fikg,rigd,2017-02-07
1652,emqj,lwdr,2017-03-14
1653,eqjx,okdi,2013-05-31
1654,qmmb,fepc,2013-07-24
1655,endn,vcbl,2013-02-14
1656,kopx,myuy,2019-03-31
1657,zyig,wxjn,2014-06-08
1658,qmpg,cgoj,2013-08-25
1659,bpwb,sjgu,2015-12-18
1660,jles,uhou,2014-05-20
1661,vmrk,mxox,2017-08-26
1662,csbj,mexx,2015-12-22
1663,jkgo,kebf,2017-12-23
1664,urqe,ebzw,2018-01-22
1665,pvit,dgjp,2014-05-02
1666,yzst,rmsf,2018-01-26
1667,mqqn,sfhf,2018-02-06
1668,bhhb,lpfe,2015-03-23
1669,hvfg,gcgv,2014-12-15
1670,ncre,ohqo,2013-02-12
1671,qmgt,wjnc,2019-02-25
1672,xbag,dcqf,2019-01-10
1673,kvkc,ipyi,2014-02-20
1674,dmod,dmwp,2013-04-18
1675,qyll,bfnj,2013-04-28
1676,pgxs,erdp,2016-01-07
1677,jkoz,xlcu,2015-10-07
1678,ixoo,trkx,2019-02-18
1679,hsag,lsek,2019-02-07
1680,yjnv,xvaw,2016-05-31
1681,liig,muxw,2013-02-12
1682,imow,ycgb,2017-08-31
1683,ofxv,koeo,2019-02-27
1684,xjzt,ofzp,2014-12-30
1685,sshj,conc,2018-12-19
1686,ntnr,dvik,2016-10-22
1687,psjj,cgpg,2017-05-06
1688,jwng,mzrh,2016-09-10
1689,pjyc,ptgh,2017-10-04
1690,ojdp,wogy,2015-03-19
1691,ggvq,wsdj,2014-01-08
1692,bwfo,evuj,2015-05-15
1693,dnfb,bhcf,2017-10-07
1694,eqrk,hyqr,2017-04-24
1695,tbrf,shwe,2018-12-03
1696,wobw,dkiq,2016-12-25
1697,vrsl,yuti,2018-08-27
1698,tpgm,scin,2013-07-27
1699,rqrs,wolc,2016-03-27
1700,lkip,isfm,2013-06-09
1701,dwzj,qytw,2015-11-24
1702,bgah,mgfo,2018-01-22
1703,blgq,bvyc,2013-02-22
1704,sluf,omcb,2014-08-08
1705,cbgr,wwqi,2015-12-08
1706,rxyh,kuej,2014-03-31
1707,vvgi,iswx,2018-05-27
1708,bdwg,krfs,2016-06-18
1709,lruf,murs,2013-03-06
1710,uftc,rxcs,2014-09-09
1711,rhwy,wuib,2014-09-30
1712,kujm,ymcc,2018-08-27
1713,gstr,vyuv,2015-06-15
1714,zsxw,dklk,2016-04-10
1715,sicf,nvlk,2013-10-17
1716,bgso,okot,2018-03-14
1717,vsqs,vaoz,2018-10-30
1718,endv,nyym,2013-04-08
1719,ytor,uejw,2013-12-03
1720,ypto,xrct,2018-05-25
1721,ilsj,sgqo,2017-11-24
1722,hkyf,hajo,2015-09-28
1723,lgbd,fyxl,2015-05-10
1724,fhhd,dvkb,2018-12-05
1725,bdcf,rijl,2013-12-18
1726,qsrj,kbto,2019-03-21
1727,hbti,nkdd,2019-02-05
1728,vpeq,pszf,2016-09-24
1729,lxir,ljny,2016-01-11
1730,dknb,ovyp,2014-08-04
1731,fgyt,sokw,2018-10-29
1732,sdmt,ikqo,2018-02-01
1733,annr,wzpz,2014-11-30
1734,wdxg,nuez,2016-06-21
1735,duef,ttpt,2017-10-22
1736,btgc,owgk,2019-01-08
1737,ubbh,jwcf,2016-08-06
1738,eugt,vhww,2016-05-18
1739,iezo,yetm,2013-02-24
1740,joyg,mjro,2017-04-13
1741,ukbw,yicr,2015-12-08
1742,mgto,ukdr,2015-06-30
1743,fgaf,hmma,2015-11-27
1744,zlvd,dllc,2016-10-10
1745,vgbk,cjev,2016-11-03
1746,zhpb,leue,2016-11-15
1747,hcei,hhhp,2017-09-21
1748,jluh,xzvk,2015-10-22
1749,qhsy,ivki,2013-09-18
1750,cwhq,dolj,2014-09-05
1751,hovp,wcoz,2016-05-08
1752,uuit,atak,2018-07-14
1753,dpyn,ouxp,2019-01-25
1754,irgt,zfai,2016-12-25
1755,tpce,saex,2017-03-03
1756,oxxc,ewwg,2019-03-20
1757,ygge,hlih,2018-10-05
1758,lpwv,cxfj,2015-02-15
1759,nfwu,oqgs,2014-12-09
1760,cwjl,rumu,2017-04-28
1761,lhef,euqe,2013-11-12
1762,xcps,kbvh,2014-09-28
1763,sgfg,ybaj,2018-05-24
1764,kvsg,ujny,2013-02-09
1765,kxjv,azmh,2016-04-20
1766,lyei,iili,2014-01-24
1767,dboc,leer,2019-02-27
1768,ccdw,fgft,2015-06-18
1769,uulx,rvgc,2013-07-18
1770,tgmk,esiq,2016-06-07
1771,iqom,jfit,2017-03-03
1772,aymo,sodw,2013-07-12
1773,ywna,oivg,2018-07-15
1774,aqiv,ibny,2013-09-26
1775,rtem,urst,2018-11-14
1776,tkgv,kusn,2018-07-20
1777,peot,frqj,2014-03-27
1778,wsnu,dxpl,2013-09-07
1779,buik,xket,2018-10-04
1780,dgbt,vvxk,2018-05-07
1781,vajh,bphb,2015-03-03
1782,kyop,nevx,2016-10-19
1783,cdfm,etly,2018-08-06
1784,soxx,snoz,2017-04-11
1785,lkqf,nolh,2015-11-11
1786,qiug,ofod,2014-04-03
1787,rncw,jiqj,2014-06-24
1788,fegh,mbwb,2013-05-05
1789,orgm,lrbd,2016-07-23
1790,yzvw,kvdo,2015-05-31
1791,oecv,hqvf,2013-08-02
1792,hmrk,kcmk,2018-05-07
1793,jovz,smli,2015-07-10
1794,lggz,jijf,2013-07-16
1795,jnrb,hihc,2017-01-08
1796,lvma,btcb,2018-05-28
1797,ddrs,wihp,2015-04-21
1798,jwhb,lnfr,2015-07-20
1799,rqrj,gmnb,2015-09-06
1800,noyu,mcef,2013-09-03
1801,rhuv,nncu,2013-03-21
1802,dlhg,xmvx,2018-06-22
1803,pumu,xavh,2017-08-28
1804,uqhf,koee,2018-12-29
1805,unct,llqs,2013-07-17
1806,lesz,ffmj,2016-11-04
1807,kdpq,jtdo,2015-11-22
1808,gslx,ufqs,2017-06-11
1809,ftfg,gbbr,2013-08-20
1810,sugu,dpfh,2016-10-15
1811,kwex,miqj,2018-10-25
1812,acrd,qlzn,2015-08-11
1813,jmdf,hltv,2017-06-05
1814,mzfh,gvhq,2015-12-30
1815,elby,imna,2013-09-10
1816,eytm,brbb,2017-07-24
1817,dhjg,sbvk,2017-11-13
1818,opdv,orlq,2018-01-01
1819,ccyo,yvdg,2014-05-07
1820,qjyx,gwfj,2014-04-24
1821,zjhz,tmuf,2014-10-18
1822,ynrs,imrj,2016-03-14
1823,wtbx,enqt,2014-02-21
1824,soxz,rlut,2018-02-03
1825,dmpf,llgp,2016-08-31
1826,kqvr,kayq,2015-03-24
1827,oylf,egjj,2013-04-07
1828,eoai,diov,2014-04-07
1829,jhkj,ivbo,2013-09-20
1830,ubgf,jtsc,2015-03-17
1831,vehh,kusy,2018-10-05
1832,igvj,hkls,2017-03-21
1833,lmyp,pitx,2019-04-23
1834,howr,mlyt,2014-02-02
1835,gixl,xjth,2017-07-18
1836,wyym,ogrr,2016-07-14
1837,rrin,oxgd,2014-10-30
1838,hjyk,kvgo,2018-10-22
1839,zqju,wpbj,2013-10-23
1840,goay,evcv,2014-08-17
1841,sfpu,aejw,2015-11-19
1842,ueyx,jsfj,2017-01-31
1843,yqap,bokp,2018-02-14
1844,ahts,itmf,2018-03-03
1845,rkem,iyii,2014-06-04
1846,edes,rcfv,2017-08-22
1847,unny,ybka,2016-03-11
1848,rfvb,soux,2016-12-14
1849,ivkw,hiwk,2019-01-06
1850,vqhz,htgh,2014-05-22
1851,hmes,ecpq,2019-02-21
1852,txll,onsw,2014-01-14
1853,sdet,rxyl,2013-07-30
1854,owfw,sbgv,2016-01-26
1855,hsbs,nyog,2013-04-22
1856,vfix,ihij,2016-07-06
1857,cvlj,rbow,2017-10-25
1858,uwiu,hvhs,2015-09-10
1859,hldf,beni,2016-10-29
1860,ijbq,dglf,2013-09-25
1861,soyh,yxwo,2018-02-26
1862,grux,kujf,2017-08-09
1863,ccwk,xpxg,2013-05-25
1864,whnk,juoy,2016-06-12
1865,mloz,kypv,2013-10-19
1866,ruhh,faky,2013-07-13
1867,rvqp,nmqu,2017-11-07
1868,vjux,hysn,2013-03-25
1869,gthc,uqoi,2015-01-13
1870,ibqt,rlhz,2013-10-11
1871,nnch,cryx,2014-03-02
1872,bbbu,gjzt,2014-06-19
1873,swzn,hgqr,2013-07-16
1874,xmlj,qihf,2017-10-15
1875,wpvn,jiim,2014-12-18
1876,ogvf,vhxr,2018-05-28
1877,ojie,fjuq,2014-01-05
1878,poyc,cbyr,2018-06-24
1879,okmq,ortr,2018-03-14
1880,mjso,ozjr,2017-07-01
1881,qnqo,eykn,2015-01-01
1882,oqbm,bbtg,2017-09-24
1883,yutg,pzhn,2017-12-25
1884,uftn,konz,2018-06-05
1885,qxkd,mlbn,2018-06-05
1886,juxd,jejt,2016-04-06
1887,yvch,neph,2017-10-19
1888,rpyf,zoem,2014-02-25
1889,vkvg,rhdw,2013-06-24
1890,fslq,vbdj,2016-06-09
1891,txap,hxfu,2014-02-04
1892,ypbs,yiju,2014-10-09
1893,eeoc,jnet,2019-02-19
1894,oyjn,tcrm,2013-06-18
1895,eyon,sbll,2015-09-18
1896,bvky,jibl,2018-02-25
1897,pgud,jwbr,2015-06-15
1898,djyy,ibxe,2018-11-09
1899,vadt,rbfr,2013-10-08
1900,qeok,kpjl,2018-08-26
1901,pguk,ztux,2016-02-06
1902,vwdx,uydu,2017-02-18
1903,icbt,qxlt,2018-11-11
1904,fjko,qzod,2018-12-08
1905,bafu,sbes,2017-06-19
1906,hnfo,qwjc,2014-01-10
1907,pchx,hejs,2017-03-03
1908,mjhl,ezyy,2017-11-30
1909,fczn,zgzy,2018-02-25
1910,knsv,riga,2019-03-28
1911,nejm,nhom,2014-07-24
1912,bqpf,dgme,2018-08-25
1913,cxoy,gclt,2017-03-17
1914,hvsj,bsul,2014-07-23
1915,fhpf,tckn,2018-09-27
1916,lqpe,nduw,2015-05-02
1917,bqcr,ldry,2013-08-26
1918,gzvn,weqq,2015-10-07
1919,pxrv,huyh,2016-01-06
1920,nvjc,grne,2014-10-17
1921,nxzv,lqqb,2015-07-09
1922,kwkv,smkf,2019-04-22
1923,rhaj,bwxk,2013-06-11
1924,rscq,luyy,2017-10-20
1925,dewr,zzhd,2016-08-02
1926,cevq,ojjf,2014-05-23
1927,iicr,qqsx,2015-10-31
1928,xdmh,vmsj,2018-07-16
1929,yxnh,tvsh,2016-02-08
1930,vnfu,wbnp,2015-11-29
1931,zolq,kkfl,2014-05-30
1932,pvty,snvb,2015-04-12
1933,gmis,tdch,2013-02-02
1934,lqfc,jvnw,2017-10-09
1935,hqdb,ctgf,2013-08-01
1936,vqmq,xkci,2014-10-03
1937,yxui,vsgi,2016-08-16
1938,kakf,xmjz,2013-04-02
1939,yomj,khrv,2014-06-17
1940,ycwq,zlkv,2014-10-01
1941,egie,ouxz,2015-09-13
1942,ogit,mytk,2016-06-30
1943,cued,cdtq,2015-06-30
1944,eeik,wdyz,2017-07-30
1945,aplb,ihew,2014-10-22
1946,vmkv,gllr,2015-03-02
1947,kbcy,zkjc,2014-09-06
1948,srgn,svwn,2015-04-20
1949,phzj,rnsa,2015-04-21
1950,ofti,usww,2015-10-03
1951,fucx,tbxk,2016-11-04
1952,cfwb,prug,2013-04-17
1953,pitm,zceo,2016-02-11
1954,rdff,jkdr,2013-11-02
1955,cmsr,lbkp,2018-02-06
1956,iewr,gmgw,2018-09-13
1957,ivjh,ehvg,2019-03-26
1958,mmwd,vcfk,2013-04-27
1959,fuwh,jmkt,2013-11-12
1960,dfma,gmmr,2014-02-17
1961,dmgc,vihj,2016-06-29
1962,jlth,yvfl,2013-10-03
1963,tdhf,misk,2015-03-26
1964,ouob,xqqr,2015-12-25
1965,yyxn,sbun,2013-11-03
1966,eznr,teiz,2018-03-02
1967,pnwj,wegg,2013-02-25
1968,jckr,luyp,2018-12-25
1969,eywx,bbkn,2019-04-11
1970,grrh,brkt,2015-08-05
1971,gllq,iinc,2018-08-01
1972,pvfe,yqft,2017-12-10
1973,jmbw,rstj,2017-07-09
1974,kyfu,mrli,2017-04-12
1975,alqo,kcne,2015-02-23
1976,eelw,hcsn,2017-01-28
1977,fdac,ysun,2019-03-09
1978,outm,qluj,2014-01-10
1979,mjee,plsm,2014-07-29
1980,crqf,oyhr,2013-06-26
1981,jsmh,frbq,2018-11-07
1982,aeye,pdam,2016-04-23
1983,dhgi,xsxo,2018-02-20
1984,mtkv,kylf,2017-09-25
1985,wiqq,feqm,2014-11-07
1986,qejv,fqnx,2014-03-17
1987,kmhy,msml,2017-06-09
1988,fivk,apdl,2013-04-06
1989,xkdk,ewoq,2015-01-04
1990,tfvc,nbfu,2017-12-22
1991,txww,nedw,2019-01-10
1992,pksz,xuif,2015-09-08
1993,cdbl,rdpi,2016-09-13
1994,smfb,kyho,2014-02-17
1995,fmbt,qbws,2018-02-04
1996,onrf,pkil,2018-11-20
1997,ddiq,hjmo,2016-03-22
1998,jtel,mjoo,2013-03-09
1999,vbmc,ipks,2018-01-20
2000,kaka,abcd,2018-04-22
1,efgh,dfse,2017-03-03
123,cy,tang,1999-10-23
