2,rji,hdh
3,ncg,otx
4,chp,vlk
5,ioj,cmt
6,qdm,dgp
7,mub,gvj
8,syl,ino
9,ivo,fdb
10,nof,usu
11,bpo,wxx
12,tct,nta
13,vve,cbc
14,ble,uql
15,oss,ier
16,jfj,wqc
17,ptu,zpv
18,wft,ssr
19,own,edi
20,ffo,blz
21,pnf,vmp
22,wnd,lsw
23,rfv,wkm
24,jte,epo
25,ywn,hox
26,zxd,yys
27,wqf,ati
28,mbu,rbt
29,hok,ooa
30,jtm,ykh
31,vjp,vvw
32,sue,hcr
33,lle,vsm
34,hrt,ihv
35,obz,jdo
36,sir,uml
37,wfe,lpk
38,erm,fhm
39,vcu,kua
40,xrb,jrn
41,iva,ovx
42,pdy,gpg
43,imk,cgv
44,xsl,oyj
45,tet,pyb
46,vtv,wnn
47,ehc,hqz
48,qgn,kla
49,jxn,irg
50,gbn,dqo
51,tuh,hny
52,gdq,bjj
53,gcv,ixv
54,wxt,dgd
55,tfd,iwb
56,rpg,tfp
57,bzm,mqs
58,kno,jtq
59,rph,kpc
60,sba,snf
61,cre,mcn
62,vcj,bol
63,hma,qqs
64,foh,oex
65,pbr,trg
66,ntt,dft
67,jsr,bwh
68,puc,nub
69,msr,usl
70,fan,zyy
71,sew,icx
72,gxp,nac
73,few,ocw
74,ydo,gft
75,jiv,rds
76,cvs,onx
77,vkv,url
78,jmf,wfk
79,xdm,ten
80,hbi,tyz
81,boo,mme
82,nam,iyp
83,ppp,dxu
84,mmj,uvg
85,fed,krx
86,ezf,buf
87,kty,krp
88,hlp,zyh
89,fpy,qwq
90,med,zfv
91,tgr,viz
92,hji,vrj
93,kns,ypc
94,mbj,ick
95,uju,xeg
96,yzn,che
97,rsq,vtd
98,jip,xnq
99,wus,szs
100,dti,qog
101,wdx,nmq
102,vrf,pkx
103,cwv,hkw
104,gkx,npr
105,dyu,wdd
106,fxx,jtg
107,pji,euw
108,uxb,cuw
109,gqb,xnn
110,pjw,pid
111,wbo,cuh
112,vcq,ghl
113,uqr,nwd
114,opa,mnm
115,foc,kvo
116,kjm,twf
117,kbf,lps
118,eyv,bze
119,cjd,hef
120,nty,tdk
121,equ,lyu
122,byh,afu
123,orh,hxy
124,hsx,lop
125,nsd,hyt
126,git,gaf
127,eyc,xno
128,cqq,nsx
129,rrn,gwl
130,rgd,tfq
131,uxq,woc
132,feg,sss
133,pwe,kiv
134,psu,ydm
135,rmt,age
136,wox,fon
137,jkk,dwb
138,nds,lyz
139,wdu,yef
140,gwe,osg
141,vbq,ngu
142,cas,nwo
143,gec,ygf
144,vig,qlc
145,lel,prm
146,koe,lfh
147,ymv,ixh
148,xko,wkr
149,llm,czu
150,gtu,pnf
151,uje,umd
152,act,rhl
153,tcr,gvy
154,tmm,uia
155,npo,reg
156,ixx,bve
157,luw,rfi
158,btv,wmh
159,stn,rrh
160,gcs,kag
161,ggl,cnu
162,trd,gwx
163,kss,ovv
164,ehu,elh
165,yxr,gqw
166,gah,pjq
167,ktx,ayc
168,jnu,noq
169,krt,bzv
170,duo,ive
171,mhy,stu
172,rhh,uzg
173,ink,yne
174,upr,vnp
175,iru,fdt
176,djx,yhh
177,new,mrj
178,sfv,mlq
179,lmz,wck
180,zlu,idl
181,uka,qrz
182,egw,usx
183,xch,tru
184,gpf,ssh
185,csp,dpg
186,qww,qwo
187,dig,kmi
188,wdm,cps
189,bdt,xti
190,kvj,xfy
191,rwa,eju
192,mkn,ytt
193,toq,opy
194,wph,jtb
195,vqp,sjs
196,ceg,cxg
197,chh,eyl
198,doj,ocm
199,bsm,xtd
200,jtb,igp
201,yud,cyt
202,yuv,qfb
203,hnd,qyy
204,hqi,eyp
205,iuv,sri
206,lze,chr
207,xtu,rxc
208,txn,juf
209,jiz,uvh
210,ora,gzg
211,pyj,enk
212,hmh,huw
213,zcf,hdm
214,rqs,eir
215,olq,hqq
216,ehi,gge
217,ohl,nvy
218,pks,nai
219,zos,pfs
220,yex,wqs
221,gpd,okp
222,bwg,izo
223,cud,ulu
224,sfh,yel
225,qlg,oto
226,bdf,jxe
227,fpw,ucl
228,mui,dvp
229,ggw,uyv
230,dwr,jcp
231,sjv,xvo
232,xfo,fdo
233,fml,lem
234,ffa,wgl
235,xhp,udx
236,jwt,bex
237,nyg,sfc
238,idu,hhz
239,glj,xhm
240,kbe,xxm
241,hdj,mff
242,ynn,nhd
243,wgx,vxr
244,qjd,ydg
245,lql,oln
246,exz,mwc
247,nuf,bmv
248,ulf,vph
249,exo,lpn
250,gng,gxj
251,wgy,kox
252,suu,igo
253,apu,gjk
254,job,lmy
255,cfu,sri
256,hid,omo
257,ahv,xkb
258,jqp,nem
259,mcr,sip
260,ynf,exn
261,sud,unz
262,uju,nyi
263,qro,wom
264,bru,jwt
265,txx,rzi
266,xqr,xdy
267,qrl,okw
268,ipy,cvb
269,rpt,qlw
270,tjw,lcv
271,xgf,huo
272,yod,nyh
273,mjw,afi
274,kul,efx
275,foo,jjm
276,stj,ice
277,tao,npj
278,hxg,rid
279,hze,vig
280,uww,bdz
281,fim,tlh
282,gmw,wrg
283,ykt,jvd
284,egx,vvz
285,lum,cmd
286,fcr,psv
287,suv,ffl
288,pxy,dtg
289,hyw,prm
290,vnk,ekn
291,vug,lco
292,tkq,mqr
293,zvc,cxd
294,moj,upe
295,mnr,aml
296,ylt,jew
297,wrt,xzx
298,pmq,drn
299,tjx,uen
300,zla,sqh
301,tln,kwr
302,rxf,snc
303,jil,lly
304,fif,tis
305,khc,tqu
306,lnd,uqk
307,ewp,hpr
308,syi,ytx
309,xxp,hlx
310,lbg,pur
311,kyo,toe
312,ekq,fkh
313,ulk,qok
314,doh,zrk
315,tan,wne
316,kmn,gjp
317,yak,zed
318,jqw,cpy
319,iir,wgg
320,sxp,djt
321,vlm,htm
322,vbv,hhn
323,prn,jxe
324,hof,gtn
325,wvo,hvr
326,jqg,rrd
327,ifk,wkn
328,fcf,fdf
329,kno,gwc
330,vly,cum
331,iih,jzg
332,jkc,gzy
333,dit,hha
334,kch,ybj
335,ocw,qld
336,lso,rai
337,nfz,msu
338,kbc,uzq
339,csi,uer
340,tuk,yst
341,bmg,huw
342,lfw,yyr
343,jtx,oyj
344,qxz,mub
345,phu,wyn
346,rjm,ejn
347,itx,jei
348,rkl,kby
349,gau,btq
350,fsy,xrr
351,ncv,enq
352,xlw,upw
353,kwx,ntw
354,sdk,nxt
355,iou,les
356,unb,owq
357,mpc,yne
358,mnm,kic
359,uqs,yob
360,sip,uxg
361,zia,xqq
362,wsd,lhc
363,pre,jqr
364,fhj,mbp
365,lzt,lrn
366,xqk,vqn
367,mdw,bjh
368,vuy,qie
369,tnq,mie
370,xhk,cxn
371,dzp,vgd
372,phk,stf
373,tin,oph
374,enl,bvs
375,qhv,ztr
376,lds,nzi
377,hxz,gmx
378,rgx,bqu
379,iyf,qud
380,qka,hyd
381,nku,vio
382,dme,uqd
383,ffl,qdd
384,jwu,kjf
385,zjj,ezt
386,njd,bjy
387,zcj,tbt
388,ani,jde
389,mjc,zvy
390,dln,xsb
391,fyb,aoj
392,vcl,fnv
393,ero,zti
394,fjc,ugu
395,xsg,ogt
396,lvf,sai
397,wvf,fnc
398,udq,mbv
399,ucq,fkh
400,ktv,ehl
401,imn,ywj
402,mfo,xvv
403,hwp,qav
404,grq,smo
405,hdj,gwo
406,yln,rgd
407,ceq,gpz
408,upc,jrv
409,ffv,rwb
410,mrp,dsj
411,bme,mui
412,cqh,uov
413,mnr,twj
414,lap,tur
415,tac,gtr
416,qnm,non
417,cse,uxe
418,kpo,ghn
419,bru,sry
420,ove,yrb
421,aju,zjg
422,nef,jtn
423,lmp,ftw
424,swb,gyo
425,idv,jbp
426,bti,msr
427,wnv,qll
428,dkd,nsd
429,gzz,msk
430,pif,kro
431,jlc,dhg
432,ghj,vlr
433,xyl,orh
434,bct,wlw
435,rph,xot
436,kft,oub
437,hse,rbh
438,meh,ckl
439,opt,fwd
440,rew,gdg
441,xpg,yym
442,lld,qll
443,qjk,pbn
444,lge,lka
445,ncs,kpu
446,ptk,gyg
447,eid,urs
448,iul,jxc
449,pku,uib
450,gda,sjw
451,ley,lev
452,shr,jjl
453,yxt,ons
454,hmy,imz
455,kni,qas
456,vgw,iig
457,yrl,hbm
458,fue,njs
459,kvr,oln
460,owb,rmj
461,awo,vuc
462,nkg,jbc
463,zki,xkp
464,hwo,dhz
465,ukw,mub
466,ruv,nls
467,mjx,hdp
468,jae,pqj
469,gvl,cub
470,cxk,mpv
471,ofp,upn
472,cio,osm
473,wet,rqw
474,vdv,gdc
475,cxe,hzf
476,mwi,ioa
477,sgo,xqy
478,euu,tto
479,yyn,gzr
480,qnm,kld
481,fif,cky
482,kdj,bga
483,vuj,euu
484,zig,ohc
485,wcj,rpo
486,egu,ksb
487,sfe,qbr
488,uap,kca
489,tsh,qvj
490,kjn,iyd
491,ued,aap
492,jki,vky
493,jit,ibh
494,xmc,djj
495,trf,byz
496,xcl,dxq
497,xrq,yiy
498,dij,kdl
499,bfv,qau
500,etx,xkt
501,lvk,ohh
502,mnh,isg
503,wwy,jpg
504,zpf,ora
505,xeg,wbq
506,clv,cyc
507,jit,ruo
508,xxn,yix
509,ykc,imw
510,dih,wjp
511,ltf,aod
512,bmy,dya
513,drn,bvd
514,fvl,qsn
515,pbt,mct
516,pok,vln
517,fql,zwd
518,obn,dwv
519,ekw,fjb
520,tqd,tsv
521,pal,jjy
522,amf,ozs
523,afb,psv
524,snv,odv
525,meh,git
526,dth,leg
527,aka,lbu
528,pbz,prh
529,xup,nhh
530,kxv,tvp
531,bqy,jxj
532,rvu,dtr
533,zul,qhd
534,ljc,tyw
535,wop,yqs
536,sts,hnk
537,afi,eqy
538,pmh,lqo
539,nri,bmg
540,wyn,cua
541,cwq,uyp
542,ntn,xdx
543,tjw,idm
544,tkv,dwq
545,mvr,evb
546,lea,qqf
547,yhv,stg
548,gda,len
549,juz,hva
550,ekq,wgn
551,okn,dlj
552,cqq,xlw
553,pip,sjy
554,ryc,fjg
555,mck,iyx
556,coa,yif
557,jgh,zpm
558,rdu,twv
559,lyy,frk
560,fri,pre
561,kyc,lxb
562,ipu,nun
563,otj,vup
564,swq,fzw
565,cdy,pee
566,fdv,ten
567,qga,tlr
568,pia,jsn
569,nuc,ghj
570,iee,scg
571,sse,cwg
572,pwg,nnb
573,wac,dfu
574,gir,xzy
575,ycn,rpu
576,kts,ssv
577,ifv,ikm
578,euu,qih
579,cxr,jdy
580,mvm,iym
581,tep,pbr
582,mds,qtj
583,yyb,lvk
584,zuw,krt
585,kms,qoe
586,sky,bws
587,jws,ubq
588,uzc,vmw
589,dhx,dpp
590,gfz,dns
591,gtv,sap
592,adt,mlt
593,vep,yrx
594,fku,akq
595,cxu,sce
596,cwd,juw
597,vos,uyo
598,gum,vsx
599,xpv,jwv
600,otw,wgs
601,jlt,ehx
602,gnp,gxu
603,ltq,ltt
604,xoy,cyp
605,jtx,ayw
606,jfk,lil
607,erx,yvu
608,rrz,zqs
609,pyf,ygi
610,css,qis
611,edn,guv
612,msr,cvp
613,woe,wkl
614,mof,voi
615,pby,xfx
616,bqc,npv
617,ebn,ctz
618,yvv,uuw
619,qus,riz
620,tta,ehu
621,dnd,thk
622,dvs,beo
623,dfq,dhu
624,yyb,rkw
625,sgi,rie
626,ktn,vbx
627,srp,fut
628,uqa,wvh
629,two,wsm
630,qhc,vya
631,ibp,fxb
632,rxg,ggp
633,wgc,rqu
634,dcb,bbh
635,mjo,yac
636,bxe,hfj
637,qsg,joo
638,xcv,jir
639,mii,bzm
640,tov,lbx
641,jxl,twg
642,kju,vtt
643,llf,ccu
644,rib,wel
645,ntj,ceh
646,ger,hof
647,gpx,elp
648,tqc,lyu
649,oeg,kvp
650,fww,vqi
651,gqy,cfz
652,urr,fhd
653,uvy,zqu
654,smm,hme
655,mkd,nbs
656,mtf,mpc
657,rpw,zyg
658,yta,trb
659,hpu,mmy
660,wfi,xfd
661,kya,lfi
662,apu,xvj
663,kjd,rwq
664,xie,ynx
665,gxb,oyh
666,xez,tii
667,blw,ysh
668,zjw,ilq
669,cxe,rzx
670,kgv,trv
671,jkd,wme
672,bkm,yhz
673,woj,oxv
674,cem,ofa
675,nbw,qzq
676,dxw,ezd
677,umk,mbo
678,ipz,wdd
679,znf,css
680,ito,ujs
681,cpd,rxo
682,tcs,cnb
683,bxk,rkj
684,mpb,hor
685,bim,cyr
686,fon,soz
687,ndi,jdf
688,ueu,chc
689,pbr,hjx
690,crn,ohx
691,hyg,zpe
692,ybi,ldf
693,vhu,bjh
694,sgb,ikl
695,ssj,vkv
696,npc,oie
697,epn,yrl
698,ofn,mdm
699,xwg,qeg
700,feq,urm
701,ook,lcc
702,kfa,vem
703,lfg,bff
704,txf,pcu
705,qpn,dye
706,ssp,ybx
707,ehm,fgt
708,gbe,nwr
709,dfn,ijd
710,rie,qnv
711,qll,jqd
712,zpv,reo
713,xix,bnu
714,hmi,sxr
715,xrb,hwn
716,pby,oem
717,cjc,zwh
718,gox,gjl
719,foh,xvc
720,ylc,fmx
721,stt,itw
722,vex,upx
723,dwr,xgj
724,rnn,zqj
725,nen,rek
726,uop,dod
727,zlt,kpf
728,sss,jsx
729,iss,wdf
730,jfd,pwu
731,nln,oyl
732,guq,qhg
733,jcy,knf
734,fsv,qhu
735,uzx,cjx
736,kgi,miw
737,pbt,erv
738,ahj,ygc
739,qpk,tmd
740,nrv,rkm
741,nvo,vdv
742,brq,irc
743,opd,kkd
744,xvj,jvo
745,eos,bli
746,zpd,hfu
747,bfj,dyj
748,tgr,xxs
749,vhe,pkh
750,ktn,mhh
751,kfp,lab
752,yux,zlp
753,obe,qet
754,sol,rrg
755,dxu,iny
756,peb,myb
757,mhf,fvh
758,ibq,hqt
759,cwa,hep
760,ikh,jgc
761,jrx,gmb
762,tat,quw
763,yro,qhp
764,egs,xpr
765,hsp,vzh
766,imu,wsu
767,zug,pwi
768,oxn,pno
769,bxu,wdr
770,kzr,cts
771,pld,phe
772,utw,brl
773,nvp,szt
774,lkj,lpt
775,xrf,fsf
776,nol,gsk
777,ymk,yfg
778,qdh,fel
779,uyd,dmd
780,csn,vuk
781,qiw,adp
782,tgi,vsu
783,esx,reo
784,rnw,zoc
785,ics,xhw
786,gld,aji
787,rbl,qor
788,lzl,ehi
789,jqv,ovy
790,ctv,ivu
791,ffn,yjc
792,jkp,cph
793,wxx,nct
794,xqf,bhk
795,esr,vrx
796,lhq,ulo
797,wpq,dgv
798,dfh,yda
799,ecr,xje
800,gms,qjr
801,vdw,dos
802,pie,gjt
803,lzq,lij
804,fig,xco
805,lvn,nor
806,dww,bcq
807,tnu,gbw
808,epn,sms
809,lgf,fsl
810,vbo,yvh
811,ylu,hxg
812,pnj,hrp
813,qkl,dfh
814,rli,evk
815,mts,bkl
816,irp,voy
817,pzo,fvd
818,mrq,vdb
819,hkn,zpm
820,aza,lgo
821,onf,fdt
822,gqn,hxa
823,xie,pis
824,nya,kee
825,qpu,vlo
826,drv,dsi
827,ycf,kln
828,hba,cvw
829,mnh,web
830,max,rnl
831,dvt,gdo
832,rri,xlo
833,pjk,zux
834,ghc,sbk
835,ecj,ukl
836,mzf,yrb
837,iqq,wid
838,trg,nkh
839,yhp,dnq
840,vvh,wwj
841,zmh,nso
842,wbo,rua
843,sxi,dke
844,dok,hvs
845,vba,qqf
846,fkt,ncr
847,sts,ctd
848,bem,dmm
849,wmp,hkt
850,tcl,nlg
851,shl,mad
852,mhq,rpo
853,heb,ibe
854,uss,kxt
855,iqs,sxi
856,vas,kqw
857,ooj,ohs
858,qny,uxl
859,hqf,coq
860,hdm,lod
861,eqk,jzh
862,jxp,abg
863,kfo,bix
864,wxg,euo
865,owi,xcb
866,mwr,url
867,lch,mnx
868,uig,kbu
869,cvi,zuf
870,jpm,nor
871,pxr,rit
872,pqs,mds
873,eqn,qtr
874,axv,bzs
875,vnn,utd
876,mxl,eqa
877,bec,sca
878,scd,kqb
879,lvo,veb
880,mcf,kbg
881,iui,dri
882,fmz,ily
883,btq,ooj
884,iqf,buw
885,trd,iop
886,gtg,elk
887,dyo,gzn
888,kqu,fmg
889,xcv,kql
890,cuv,psn
891,zhy,qvd
892,czu,yps
893,zoc,xff
894,fbl,emu
895,mnn,kdw
896,dmy,glm
897,wky,fhp
898,onc,uom
899,bpz,teb
900,ebg,pqu
901,pbn,usl
902,qfg,tio
903,tgv,pnb
904,ied,rrf
905,yjx,fgi
906,ksv,gef
907,ssu,rsg
908,njx,das
909,dxf,dfb
910,puh,dfu
911,srm,znu
912,nhl,sfe
913,yoh,enk
914,ihs,ops
915,sti,khn
916,mrj,iok
917,bvm,fji
918,ghv,bpu
919,rje,akj
920,rkc,uuf
921,ltk,xcr
922,eus,hst
923,hwq,dyo
924,zlw,eal
925,eyf,cvm
926,wza,fth
927,sas,jsy
928,rzs,hbp
929,nvm,fan
930,kdo,wek
931,lnz,tdt
932,cnn,anh
933,wgi,mxo
934,sei,xmo
935,ttk,liu
936,dqh,cuj
937,uph,kmf
938,nle,soj
939,nmr,oca
940,jnc,edo
941,yom,rob
942,son,zmr
943,ahs,muy
944,sme,vye
945,wnr,pcn
946,pqf,feb
947,utz,gvn
948,lgw,vkj
949,ncg,pug
950,cdf,hji
951,bwv,cdh
952,kpp,ypd
953,gju,uoe
954,fpy,vtb
955,nfw,era
956,kux,sgn
957,wpz,fjq
958,aem,btt
959,nqr,hlo
960,hqo,fmk
961,php,urd
962,fqm,unp
963,lrk,wsj
964,fza,byf
965,ycq,spi
966,snl,iot
967,jkt,iyp
968,cvr,hcl
969,pjq,jbe
970,qym,yln
971,gyn,cnl
972,ehx,xyc
973,rfg,mwz
974,bht,zvd
975,mwf,sft
976,wtt,stg
977,foz,vtb
978,cwc,swq
979,wrb,sjn
980,mup,hjy
981,pdb,nfv
982,iqd,vfm
983,hqe,bjb
984,yrl,yqe
985,dpy,hua
986,upf,imk
987,oog,kuv
988,pio,lzh
989,qbs,pyx
990,pem,guv
991,mdb,dwu
992,uqk,wlq
993,htx,spy
994,alk,uym
995,tso,bal
996,vzg,vwn
997,imv,cko
998,icl,ylw
999,omw,ybg
1000,wfh,azq
1001,zqe,dmw
1002,srv,muq
1003,skx,yxt
1004,qdj,lyv
1005,swo,lcd
1006,jho,rwo
1007,wsh,vfb
1008,vty,qfb
1009,dio,qow
1010,bxm,dpv
1011,frk,eqb
1012,ivo,mpp
1013,cxt,mtv
1014,kep,ftf
1015,ijs,kpi
1016,zox,pyp
1017,nco,hfr
1018,gtj,qyf
1019,rtc,tio
1020,gpx,ymh
1021,hog,ynd
1022,scl,ucs
1023,kmv,wwh
1024,vnc,qat
1025,yew,tbp
1026,lnj,nqp
1027,ncn,cqt
1028,pro,frq
1029,ple,hms
1030,juk,jwv
1031,anc,foi
1032,dmz,tsj
1033,hcm,msu
1034,tuo,oux
1035,yxm,lng
1036,uml,flw
1037,tdw,kin
1038,rpf,axx
1039,vzb,frd
1040,xfc,wla
1041,fie,vvl
1042,mms,prw
1043,ycz,yhn
1044,uzd,jtg
1045,eqa,utg
1046,giv,flb
1047,emp,xss
1048,fbq,vif
1049,rdp,zwv
1050,kbt,lls
1051,rax,xor
1052,xto,rkq
1053,ybn,ttl
1054,cxp,dns
1055,jgl,wvx
1056,jmq,lhk
1057,iyc,kll
1058,bvr,sfh
1059,csv,cda
1060,bcb,ipp
1061,ycm,rmy
1062,mau,dgt
1063,wyi,hvl
1064,hul,slu
1065,pbk,vby
1066,mpo,eny
1067,xli,qsd
1068,hdf,umf
1069,cyr,rdg
1070,zgu,fvs
1071,toc,rxo
1072,nbb,qev
1073,jmq,ftk
1074,uks,mwj
1075,bfl,yui
1076,npz,swq
1077,mgt,cra
1078,uim,yvr
1079,zty,xes
1080,qbp,ucm
1081,rmc,ezd
1082,bqg,wrg
1083,cpb,nfq
1084,vxv,qgo
1085,mpj,ljk
1086,ouz,rhp
1087,zww,box
1088,drg,lxl
1089,ldy,thr
1090,dvh,ggp
1091,ixx,txs
1092,bqv,smp
1093,dhw,mvw
1094,rwl,fxr
1095,bff,gut
1096,cgh,qdz
1097,chm,adw
1098,wsd,rjd
1099,wmp,tlk
1100,fiy,ves
1101,kuz,hmw
1102,tpm,olr
1103,cxd,yud
1104,sbo,wsu
1105,vim,ebr
1106,gfy,bqj
1107,mds,vmp
1108,gyk,ytx
1109,gma,lcc
1110,rio,nng
1111,elt,swf
1112,oai,ooe
1113,pkm,iqc
1114,pjg,qrn
1115,eyh,ljn
1116,jov,fyn
1117,dux,wwm
1118,vns,bgt
1119,ibp,knm
1120,lqi,btn
1121,xyk,hkc
1122,fpr,tcc
1123,oht,sja
1124,rkc,chf
1125,jqb,ctk
1126,urq,jbp
1127,gje,fcz
1128,dze,qej
1129,twn,egi
1130,xth,xvx
1131,kyj,qdr
1132,pnk,umb
1133,fbx,hyp
1134,ntg,idx
1135,iyn,wxl
1136,xwb,ccb
1137,oli,akb
1138,sfo,kxa
1139,hoo,fwa
1140,qre,fqr
1141,lug,bca
1142,uts,ypo
1143,lrf,vnp
1144,wgw,xqm
1145,nhl,fyy
1146,pav,nid
1147,zhj,muw
1148,rsm,crs
1149,ybg,sdf
1150,zpx,psv
1151,zdc,hut
1152,rpq,onm
1153,wbh,ybu
1154,qie,seu
1155,ump,vap
1156,qiy,brs
1157,sif,oim
1158,jei,iyb
1159,ycj,svg
1160,ntw,ysa
1161,wbj,lhe
1162,ajt,tbh
1163,jdt,wtd
1164,dhk,tum
1165,ohl,euy
1166,oyj,mng
1167,cwx,xnb
1168,lqx,egc
1169,yrt,gig
1170,gyj,eqt
1171,qvf,inr
1172,vzr,xun
1173,rae,dzb
1174,wvf,yfp
1175,yum,lnp
1176,tgd,lom
1177,uoh,ekn
1178,msy,nwu
1179,qmr,gwt
1180,fmp,dci
1181,uvy,rav
1182,dxw,mat
1183,khf,vmo
1184,yum,hen
1185,eug,pvg
1186,gnt,avx
1187,tai,qnl
1188,xuz,drn
1189,cuk,vnf
1190,ywe,jbh
1191,tkc,ehs
1192,kem,cpb
1193,tyj,fxh
1194,qqf,fhb
1195,fia,jeb
1196,nao,nkq
1197,ovt,hxr
1198,lti,tzr
1199,gys,jtd
1200,zco,jvw
1201,hss,vkq
1202,nqd,pkr
1203,blx,cgy
1204,bfg,tdi
1205,nhe,qvs
1206,yqc,yft
1207,kug,rfa
1208,hco,bik
1209,yqt,kpx
1210,bhk,npt
1211,ddu,vsl
1212,lgd,dgu
1213,jjx,xuh
1214,wwg,hbj
1215,tee,cij
1216,oyp,dqn
1217,jsy,iby
1218,unk,btt
1219,xgh,qxv
1220,hvw,lfm
1221,evi,enl
1222,wqm,ibq
1223,hpl,bkt
1224,rbi,gqx
1225,erw,iok
1226,brb,bse
1227,ywt,mvy
1228,izy,cep
1229,drd,ydm
1230,nmt,fiq
1231,ckw,sth
1232,lcm,bvl
1233,ncf,ugc
1234,rhn,exw
1235,ifr,qej
1236,cwy,prl
1237,mwy,ldx
1238,ipc,qqf
1239,dme,yup
1240,yqp,cga
1241,uql,hoo
1242,ymw,gjz
1243,sbd,djd
1244,jdd,qak
1245,hlq,kdv
1246,dvx,duo
1247,dus,pey
1248,tjm,mnq
1249,yva,slk
1250,vsb,lrl
1251,scp,qlx
1252,amw,sqh
1253,shr,jos
1254,wqq,jub
1255,gcz,hgo
1256,ltf,mlu
1257,dvd,ppv
1258,pou,uwc
1259,hys,phl
1260,kyh,ubg
1261,ekg,zec
1262,spx,ghj
1263,fgi,coo
1264,hvh,mbb
1265,pys,hrx
1266,rgi,ovt
1267,sxq,ovi
1268,zju,ekj
1269,cdh,rco
1270,svc,dph
1271,cbt,lqy
1272,lds,avy
1273,rik,xuy
1274,qkf,zgt
1275,vkj,yrd
1276,cgu,xrk
1277,khx,dbg
1278,kkh,gfs
1279,mke,pxo
1280,glh,gmj
1281,lvk,jrw
1282,zzs,wxc
1283,nxd,czv
1284,kcq,xpq
1285,pty,fed
1286,lyw,wxb
1287,sef,rxa
1288,spj,kvw
1289,frn,cll
1290,rbe,ohd
1291,qjj,fvw
1292,mge,awu
1293,uwz,cuv
1294,bxk,nff
1295,weq,lkf
1296,gja,sqo
1297,nxc,bxo
1298,bli,mbl
1299,bhu,hjc
1300,ryw,yqs
1301,acj,evo
1302,dnt,nmu
1303,ccr,egh
1304,ygi,iac
1305,ltw,ekn
1306,mwi,odu
1307,fji,rqi
1308,nbu,sqk
1309,olo,qih
1310,sth,yka
1311,bip,ksj
1312,scb,lxc
1313,ftc,bfg
1314,txp,byd
1315,vms,lwk
1316,itk,jhu
1317,wub,vgb
1318,ryn,hdm
1319,bxe,gtq
1320,wcs,dru
1321,ntl,mpj
1322,cow,tbt
1323,imj,ldg
1324,yhy,cuz
1325,ihy,xwr
1326,bcm,ooz
1327,wjq,buk
1328,yqy,oyx
1329,hyv,uln
1330,ksp,lmb
1331,trp,ilm
1332,njm,epy
1333,fol,pip
1334,kfd,ywj
1335,wkn,nhi
1336,bry,ibw
1337,mls,gcl
1338,tun,bgs
1339,ydh,hkj
1340,ttb,dxv
1341,zqv,hft
1342,ycm,ppv
1343,btp,uwo
1344,owr,grh
1345,xxq,gkw
1346,cff,hcs
1347,jna,mda
1348,xrf,hdv
1349,wmq,ybe
1350,vkd,vbq
1351,cbd,mkj
1352,ljw,xfw
1353,xvr,iub
1354,qyd,ekc
1355,qwh,kte
1356,hwb,buk
1357,ivc,tnc
1358,qxb,vom
1359,tiz,tmi
1360,ofy,fwh
1361,efy,nfi
1362,bgq,rsc
1363,bbl,vjx
1364,waa,lfj
1365,wvq,cmy
1366,tbg,jxu
1367,fuj,sue
1368,bjp,cvp
1369,cyd,bhl
1370,bki,svh
1371,tor,zfg
1372,bqd,jte
1373,fng,nwk
1374,rve,fnz
1375,bsb,hcf
1376,lne,qly
1377,lrv,hpn
1378,ubk,qzb
1379,bwx,smm
1380,gkr,vqx
1381,hhy,jle
1382,sbi,pwq
1383,esb,qvj
1384,omg,htn
1385,yue,naw
1386,vml,nny
1387,vne,kun
1388,pou,nnx
1389,uod,rcp
1390,opu,mvl
1391,wrs,jqt
1392,bij,gom
1393,qrl,uuc
1394,qwf,blt
1395,xsl,ukb
1396,qkh,rop
1397,trh,jim
1398,ljm,jaj
1399,tbi,via
1400,sui,guv
1401,due,gjw
1402,xos,wsw
1403,xgw,jsg
1404,wjc,rff
1405,fpt,jim
1406,kdl,lyf
1407,zth,mpw
1408,udo,mlx
1409,yke,uja
1410,lll,qhr
1411,eeh,rqu
1412,pdn,bpu
1413,gak,cxp
1414,pui,eru
1415,ilj,hpx
1416,oub,qio
1417,bio,oqd
1418,kiu,ntp
1419,lge,kmn
1420,kzw,rqz
1421,fik,xlb
1422,xfj,cxi
1423,ndv,wze
1424,fhg,jyl
1425,qmr,elo
1426,rjq,qdk
1427,gjv,iot
1428,clm,bkb
1429,yvp,ebf
1430,fvs,ymf
1431,pod,jve
1432,zmv,rhu
1433,njj,xnf
1434,ljh,pwu
1435,idj,tbv
1436,bgt,hup
1437,myx,pjx
1438,oyl,jpj
1439,hwf,nbu
1440,ore,cbd
1441,ddn,djf
1442,rph,cea
1443,oql,fbe
1444,jhi,ibb
1445,npa,vru
1446,nep,niy
1447,gvj,mrg
1448,rgn,fgp
1449,ouq,xov
1450,xyu,soq
1451,ewy,iqi
1452,bda,wpa
1453,rpj,gud
1454,zyg,swi
1455,xgc,btj
1456,zzk,inj
1457,nem,nez
1458,etw,xor
1459,aqr,exx
1460,dsj,pbb
1461,jjj,ock
1462,bwf,par
1463,xkv,oyu
1464,heg,sep
1465,epi,vbe
1466,vfd,szm
1467,tmt,trl
1468,avs,bad
1469,fix,hby
1470,uwe,jix
1471,tkl,hvi
1472,qen,jhe
1473,cov,mrw
1474,ycj,xaj
1475,ofv,yip
1476,opr,qnj
1477,nxc,krs
1478,boh,ytt
1479,lmy,fvj
1480,osa,xri
1481,xig,jfo
1482,kjs,fvs
1483,ywp,iqa
1484,luj,req
1485,xfb,fdi
1486,ona,oxx
1487,lgg,nxk
1488,fak,vpe
1489,fzg,isu
1490,exo,ipy
1491,gfn,wph
1492,ebh,iph
1493,lzk,ijk
1494,tbv,wis
1495,jxj,rbs
1496,ghi,ono
1497,baj,qkk
1498,bif,pfb
1499,tud,jth
1500,lbm,izx
1501,hrq,xkb
1502,uvt,cbc
1503,csf,ubf
1504,peq,lpj
1505,owm,nrl
1506,elb,cxo
1507,fyq,oda
1508,iqk,exc
1509,jrw,xxr
1510,tsa,uwf
1511,lwd,poy
1512,tmb,efx
1513,rhm,jth
1514,vmo,lut
1515,jjw,jll
1516,ovo,pye
1517,nhw,ryt
1518,rlm,zyb
1519,pyz,ihl
1520,cew,eft
1521,jnu,dyq
1522,kpd,gnw
1523,els,hwh
1524,ong,vth
1525,nig,icg
1526,mee,jub
1527,ywx,lgk
1528,kgo,ldt
1529,imx,jel
1530,hxd,xnm
1531,ymr,ifh
1532,znk,zcy
1533,kix,xts
1534,qbq,xdl
1535,lgr,oqb
1536,gzy,ngj
1537,doc,lhw
1538,bii,ljf
1539,ehg,elv
1540,qbo,eyi
1541,bhd,ghh
1542,avh,kyr
1543,qeq,mee
1544,plh,rni
1545,qkq,idh
1546,xnf,kfe
1547,ivd,guc
1548,bpp,yew
1549,wdd,xqd
1550,hmq,fgo
1551,hoi,bjq
1552,trl,fon
1553,jpx,srb
1554,yxu,wui
1555,hkk,vhw
1556,ifc,ill
1557,tmp,rdu
1558,hbo,ozq
1559,kcx,fpq
1560,rsg,jfe
1561,lal,shl
1562,tso,rnc
1563,yul,rpv
1564,tdc,djk
1565,flh,xul
1566,pvm,jcb
1567,cew,xkj
1568,cfn,wyi
1569,xgz,nbn
1570,bxh,krx
1571,bpz,mkc
1572,wyn,yvn
1573,mpo,gth
1574,jfi,vgo
1575,qyo,mxl
1576,oly,jyq
1577,xnq,byu
1578,mho,bhk
1579,kzq,dgs
1580,wfh,tyg
1581,iym,gki
1582,ovv,dxq
1583,pmh,jvv
1584,eqv,hsl
1585,idw,ruj
1586,rty,yrb
1587,ops,vul
1588,ndo,hhr
1589,jbg,jxk
1590,wlf,qid
1591,wfi,nen
1592,ydp,wub
1593,ess,kcc
1594,ehd,vxs
1595,qrr,xms
1596,xbf,ukt
1597,hfp,doj
1598,qlh,icv
1599,xiz,mgl
1600,ctb,osg
1601,gmv,jby
1602,pha,bww
1603,kfp,nry
1604,jge,prp
1605,qvp,fqi
1606,fhi,vqn
1607,fjw,pel
1608,utn,eal
1609,ako,bcg
1610,eol,ife
1611,xrh,yhn
1612,uwz,oko
1613,htt,ckl
1614,vsu,iry
1615,hgl,hjq
1616,gjb,wyt
1617,mvd,nnp
1618,wxy,ssw
1619,jvq,vsq
1620,dvj,peo
1621,owg,itu
1622,crf,ioy
1623,mwh,jaf
1624,tvu,apj
1625,vmq,mkm
1626,hfl,keh
1627,yoo,jiv
1628,ilq,eqn
1629,knm,opg
1630,acp,lse
1631,dec,fcz
1632,gnz,hal
1633,euh,hiu
1634,crq,raz
1635,sdx,pkw
1636,xyv,tlk
1637,pla,ejx
1638,kgk,qhr
1639,jpe,hkv
1640,cgd,xce
1641,aqm,tdn
1642,bkx,cnt
1643,atg,ols
1644,fky,eoz
1645,iik,nxr
1646,bmx,uie
1647,nhn,lty
1648,vph,qtw
1649,ziw,eji
1650,xtg,pjf
1651,qcp,dyc
1652,itg,azv
1653,vxt,zqx
1654,luu,umw
1655,zfv,knt
1656,uqd,djc
1657,hyq,tsv
1658,oom,yzw
1659,liw,nrh
1660,cmt,cgf
1661,nvd,pdh
1662,whn,ojs
1663,tit,afg
1664,dpt,fru
1665,ygl,qqs
1666,byp,xuj
1667,sam,wgi
1668,qqm,pcc
1669,sui,fvf
1670,xev,tyf
1671,nzz,cgb
1672,ywn,eai
1673,okr,dck
1674,foh,vcn
1675,psm,fio
1676,ihi,qqc
1677,hse,lha
1678,fyc,whb
1679,fta,pbf
1680,dah,cag
1681,ftp,ffh
1682,wfr,jpd
1683,biu,ucl
1684,ljg,heq
1685,xbr,nou
1686,wci,lng
1687,gvj,mgc
1688,mya,qpl
1689,yll,bdn
1690,uik,vci
1691,vxk,mhv
1692,fwg,yjy
1693,uaq,eba
1694,wkw,tyk
1695,hsn,caq
1696,lop,zld
1697,bno,fuy
1698,cxo,kkl
1699,hvb,oqm
1700,jqv,roj
1701,oio,vku
1702,god,wcm
1703,qss,usj
1704,syd,apb
1705,akq,rbb
1706,fsc,pjb
1707,sui,xta
1708,fgf,deb
1709,ioo,dfd
1710,fcx,vge
1711,yot,wru
1712,hmg,nvd
1713,pst,jlp
1714,yii,nox
1715,aie,ijc
1716,fsm,ygu
1717,uab,dnj
1718,fgk,sfi
1719,aug,ydr
1720,tjg,zdm
1721,dnq,ons
1722,ros,trj
1723,ooq,fdf
1724,agj,vdr
1725,vfx,dya
1726,tve,hle
1727,iis,zkp
1728,svx,jlm
1729,eps,jpm
1730,hlp,str
1731,nyf,ltk
1732,fnl,rdu
1733,fas,lyr
1734,elz,suo
1735,dsy,ugm
1736,sng,xhg
1737,mql,emw
1738,yxk,tdq
1739,jrc,qxt
1740,cot,pte
1741,znp,kqg
1742,hux,eyy
1743,ixp,amf
1744,cjy,wdk
1745,ddh,reg
1746,hqv,ozk
1747,sps,uwa
1748,osq,cki
1749,aeu,nqi
1750,uvy,zwt
1751,gen,xom
1752,kqx,npe
1753,wbd,gri
1754,hum,saf
1755,qdm,vmm
1756,cgc,xuo
1757,uqz,olv
1758,wku,dnt
1759,xwt,jsp
1760,uff,cyo
1761,hud,rcr
1762,wfj,elp
1763,dty,zrl
1764,hir,idl
1765,dno,jcy
1766,iyo,vyj
1767,eog,mun
1768,dpc,ssd
1769,cjg,qfn
1770,yws,vcq
1771,vjt,viy
1772,bgl,usb
1773,kji,cyz
1774,qwl,ylf
1775,pjv,xwu
1776,kbx,odt
1777,ayg,abf
1778,ijh,pbf
1779,lfd,gsp
1780,fjs,fgr
1781,qig,efz
1782,epi,mir
1783,aej,qpt
1784,ulp,dix
1785,gav,djx
1786,vnh,vdo
1787,ujo,fdh
1788,ley,oug
1789,imt,icx
1790,zsd,bdt
1791,rab,ywv
1792,pue,wvb
1793,yha,dkf
1794,upy,pbg
1795,dom,yjo
1796,gxz,dmt
1797,nvx,mdu
1798,rpk,lqg
1799,qgo,qvw
1800,ltv,fkj
1801,tse,wrq
1802,ghg,olp
1803,qbm,qyc
1804,qow,ynz
1805,iqj,eeg
1806,bvv,dwf
1807,iqx,ywo
1808,ybj,gyw
1809,bhi,gob
1810,pwl,hsc
1811,jmm,dvr
1812,chh,dde
1813,lrt,rub
1814,muj,xej
1815,ust,wux
1816,onk,gpt
1817,gij,rjk
1818,fij,ggi
1819,ppc,vkm
1820,men,gyi
1821,run,dli
1822,omn,kbf
1823,qtg,eod
1824,nxx,egv
1825,hic,kew
1826,hmi,jun
1827,eol,mwu
1828,wmw,khj
1829,dho,ohg
1830,jlt,koc
1831,ixb,ory
1832,ffx,edn
1833,rvq,wvr
1834,shu,lmw
1835,puc,ilt
1836,kkc,vpl
1837,eso,kty
1838,mpp,ydj
1839,alc,cec
1840,tml,skb
1841,owq,sdb
1842,gyu,nmk
1843,vbv,mlb
1844,fyp,ubd
1845,tpk,fno
1846,hoo,prh
1847,loa,gnk
1848,xxf,slx
1849,brl,dqa
1850,niq,uop
1851,moj,ugz
1852,jnc,djo
1853,ydq,xim
1854,qtn,zoq
1855,qpg,hdr
1856,byx,vco
1857,yud,hin
1858,mgb,bim
1859,qmt,qnh
1860,qqc,ylb
1861,pfq,ipa
1862,xtk,uwv
1863,vbj,she
1864,jft,dtl
1865,bld,xlu
1866,vpb,rcv
1867,bsw,odu
1868,mko,ktf
1869,emr,mbx
1870,qrh,dhl
1871,miv,mih
1872,ulh,whi
1873,sgd,pcs
1874,pfq,pwk
1875,pqq,kuo
1876,zco,ezl
1877,yli,our
1878,yfe,chp
1879,gxm,mbm
1880,pok,pey
1881,bko,tlc
1882,sqc,eti
1883,xhh,mgs
1884,qea,erk
1885,dqb,mtj
1886,gpx,wzs
1887,gjj,wtc
1888,nwe,jvv
1889,lhp,bkq
1890,cfp,kbw
1891,srf,rtc
1892,jyo,agj
1893,kxj,dhk
1894,gby,dru
1895,ywp,vpp
1896,epf,irn
1897,lwp,fys
1898,geo,goh
1899,wnc,uzq
1900,inh,rvt
1901,nfu,mcu
1902,onv,nhs
1903,ukp,svh
1904,ogb,ihx
1905,ije,cwy
1906,uhg,rfm
1907,ltp,hqy
1908,bwz,xrw
1909,fkn,usn
1910,mrd,bdn
1911,dla,xkb
1912,dkm,wxe
1913,yhs,kiv
1914,hkj,jmk
1915,lvb,lxj
1916,ywu,tbc
1917,brw,ldb
1918,bbu,eik
1919,vwg,erc
1920,otj,jwp
1921,zqh,tnq
1922,udn,cyf
1923,iry,hjz
1924,ugq,bxt
1925,ypk,doc
1926,yqu,tnw
1927,opq,klx
1928,lxl,knc
1929,rvh,yum
1930,ifu,iap
1931,pkn,oyq
1932,dgb,shu
1933,hkz,zvv
1934,gxp,bnr
1935,nmi,fdj
1936,sud,lfn
1937,dph,vdr
1938,int,vxq
1939,vua,jxp
1940,oop,lbh
1941,rnm,ocb
1942,urj,frq
1943,rzr,tuo
1944,qws,nky
1945,vks,qfl
1946,qoj,wff
1947,vir,jrg
1948,mre,slf
1949,qxd,wio
1950,bpr,asj
1951,txh,gej
1952,ttt,oil
1953,vcv,pnf
1954,cgh,qzf
1955,nhd,cqj
1956,evf,nhe
1957,uxt,pzy
1958,cxk,dgc
1959,syt,vwj
1960,nuf,hqr
1961,eie,xil
1962,sqm,mzk
1963,lae,xyo
1964,mye,ivj
1965,tsz,ujr
1966,eig,lka
1967,ppa,ksq
1968,rcc,byt
1969,vmq,kpr
1970,tvo,alt
1971,npn,tej
1972,gmc,qyc
1973,tfo,gju
1974,pit,bkd
1975,gmf,jnx
1976,kgk,hie
1977,izc,fro
1978,wsy,inu
1979,drs,qwd
1980,rgz,dkv
1981,zxc,lqx
1982,xun,hhg
1983,nbi,onl
1984,fun,qky
1985,gai,fbm
1986,swo,duh
1987,ggo,yic
1988,tcp,ykc
1989,pdg,lkc
1990,pqc,jir
1991,vhk,cxk
1992,mkr,dtn
1993,sho,ryw
1994,eoh,kdo
1995,ogq,rwr
1996,bky,yyg
1997,irr,wrh
1998,ade,gaf
1999,qcl,gka
2000,tcy,abc
